-- --------------------------------------------------------
-- Host:                         127.0.0.1
-- Server version:               12.1.2-MariaDB - MariaDB Server
-- Server OS:                    Win64
-- HeidiSQL Version:             12.11.0.7065
-- --------------------------------------------------------

/*!40101 SET @OLD_CHARACTER_SET_CLIENT=@@CHARACTER_SET_CLIENT */;
/*!40101 SET NAMES utf8 */;
/*!50503 SET NAMES utf8mb4 */;
/*!40103 SET @OLD_TIME_ZONE=@@TIME_ZONE */;
/*!40103 SET TIME_ZONE='+00:00' */;
/*!40014 SET @OLD_FOREIGN_KEY_CHECKS=@@FOREIGN_KEY_CHECKS, FOREIGN_KEY_CHECKS=0 */;
/*!40101 SET @OLD_SQL_MODE=@@SQL_MODE, SQL_MODE='NO_AUTO_VALUE_ON_ZERO' */;
/*!40111 SET @OLD_SQL_NOTES=@@SQL_NOTES, SQL_NOTES=0 */;


-- Dumping database structure for projectweb
CREATE DATABASE IF NOT EXISTS `projectweb` /*!40100 DEFAULT CHARACTER SET utf8mb4 COLLATE utf8mb4_uca1400_ai_ci */;
USE `projectweb`;

-- Dumping structure for table projectweb.delete
CREATE TABLE IF NOT EXISTS `delete` (
  `id` int(11) NOT NULL AUTO_INCREMENT,
  `pet_id` varchar(50) DEFAULT NULL,
  `name` varchar(255) NOT NULL,
  `type` varchar(50) NOT NULL,
  `gender` varchar(10) NOT NULL,
  `age_year` int(11) NOT NULL DEFAULT 0,
  `age_month` int(11) NOT NULL DEFAULT 0,
  `age_text` varchar(50) DEFAULT NULL,
  `sterilized` enum('yes','no') NOT NULL DEFAULT 'no',
  `post_status` enum('open','close') NOT NULL DEFAULT 'open',
  `adoption_status` enum('available','unavailable','adopted') NOT NULL DEFAULT 'available',
  `vaccinated` enum('yes','no') NOT NULL DEFAULT 'no',
  `color` varchar(50) DEFAULT NULL,
  `details` text DEFAULT NULL,
  `image` varchar(255) DEFAULT NULL,
  `image_2` varchar(255) DEFAULT NULL,
  `image_3` varchar(255) DEFAULT NULL,
  `created_at` timestamp NULL DEFAULT NULL,
  `deleted_at` timestamp NULL DEFAULT current_timestamp(),
  PRIMARY KEY (`id`)
) ENGINE=InnoDB AUTO_INCREMENT=2 DEFAULT CHARSET=utf8mb4 COLLATE=utf8mb4_uca1400_ai_ci;

-- Dumping data for table projectweb.delete: ~1 rows (approximately)
DELETE FROM `delete`;
INSERT INTO `delete` (`id`, `pet_id`, `name`, `type`, `gender`, `age_year`, `age_month`, `age_text`, `sterilized`, `post_status`, `adoption_status`, `vaccinated`, `color`, `details`, `image`, `image_2`, `image_3`, `created_at`, `deleted_at`) VALUES
	(1, '6', 'Mieko', 'cats', 'male', 2, 6, NULL, 'yes', 'open', 'adopted', 'no', 'White', 'ซน', '/uploads/dffe3f2d7b4beebb482310aac8fe443e', '/uploads/f253499da92ef492decf89f77339dae2', '/uploads/3d6079dab638ae1653c0b17734e1157d', '2026-01-24 09:56:33', '2026-01-24 14:20:43');

-- Dumping structure for table projectweb.favorites
CREATE TABLE IF NOT EXISTS `favorites` (
  `favorite_id` int(11) NOT NULL AUTO_INCREMENT,
  `user_id` int(11) NOT NULL,
  `pet_id` int(11) NOT NULL,
  `created_at` timestamp NULL DEFAULT current_timestamp(),
  PRIMARY KEY (`favorite_id`),
  UNIQUE KEY `uniq_favorites_user_pet` (`user_id`,`pet_id`)
) ENGINE=InnoDB AUTO_INCREMENT=18 DEFAULT CHARSET=utf8mb4 COLLATE=utf8mb4_uca1400_ai_ci;

-- Dumping data for table projectweb.favorites: ~5 rows (approximately)
DELETE FROM `favorites`;
INSERT INTO `favorites` (`favorite_id`, `user_id`, `pet_id`, `created_at`) VALUES
	(13, 9, 1, '2026-01-24 18:18:43'),
	(14, 2, 2, '2026-01-25 07:49:04'),
	(15, 902, 1, '2026-01-25 07:52:14'),
	(16, 2, 6, '2026-01-25 08:13:43'),
	(17, 9, 3, '2026-01-26 01:10:17');

-- Dumping structure for table projectweb.login_activity
CREATE TABLE IF NOT EXISTS `login_activity` (
  `id` int(11) NOT NULL AUTO_INCREMENT,
  `user_id` int(11) NOT NULL,
  `ip_address` varchar(255) DEFAULT NULL,
  `user_agent` text DEFAULT NULL,
  `logged_in_at` timestamp NULL DEFAULT current_timestamp(),
  PRIMARY KEY (`id`),
  KEY `idx_login_activity_user_id` (`user_id`)
) ENGINE=InnoDB AUTO_INCREMENT=73 DEFAULT CHARSET=utf8mb4 COLLATE=utf8mb4_uca1400_ai_ci;

-- Dumping data for table projectweb.login_activity: ~72 rows (approximately)
DELETE FROM `login_activity`;
INSERT INTO `login_activity` (`id`, `user_id`, `ip_address`, `user_agent`, `logged_in_at`) VALUES
	(1, 1, '::1', 'Mozilla/5.0 (Windows NT 10.0; Win64; x64) AppleWebKit/537.36 (KHTML, like Gecko) Chrome/143.0.0.0 Safari/537.36', '2026-01-24 13:22:36'),
	(2, 1, '::1', 'Mozilla/5.0 (Windows NT 10.0; Win64; x64) AppleWebKit/537.36 (KHTML, like Gecko) Chrome/143.0.0.0 Safari/537.36', '2026-01-24 13:33:39'),
	(3, 1, '::1', 'Mozilla/5.0 (Windows NT 10.0; Win64; x64) AppleWebKit/537.36 (KHTML, like Gecko) Chrome/143.0.0.0 Safari/537.36', '2026-01-24 13:38:09'),
	(4, 1, '::1', 'Mozilla/5.0 (Windows NT 10.0; Win64; x64) AppleWebKit/537.36 (KHTML, like Gecko) Chrome/143.0.0.0 Safari/537.36', '2026-01-24 13:40:57'),
	(5, 2, '::1', 'Mozilla/5.0 (Windows NT 10.0; Win64; x64) AppleWebKit/537.36 (KHTML, like Gecko) Chrome/143.0.0.0 Safari/537.36', '2026-01-24 13:42:05'),
	(6, 2, '::1', 'Mozilla/5.0 (Windows NT 10.0; Win64; x64) AppleWebKit/537.36 (KHTML, like Gecko) Chrome/143.0.0.0 Safari/537.36', '2026-01-24 13:44:24'),
	(7, 2, '::1', 'Mozilla/5.0 (Windows NT 10.0; Win64; x64) AppleWebKit/537.36 (KHTML, like Gecko) Chrome/143.0.0.0 Safari/537.36', '2026-01-24 13:45:58'),
	(8, 2, '::1', 'Mozilla/5.0 (Windows NT 10.0; Win64; x64) AppleWebKit/537.36 (KHTML, like Gecko) Chrome/143.0.0.0 Safari/537.36', '2026-01-24 13:48:34'),
	(9, 1, '::1', 'Mozilla/5.0 (Windows NT 10.0; Win64; x64) AppleWebKit/537.36 (KHTML, like Gecko) Chrome/143.0.0.0 Safari/537.36', '2026-01-24 13:51:40'),
	(10, 1, '::1', 'Mozilla/5.0 (Windows NT 10.0; Win64; x64) AppleWebKit/537.36 (KHTML, like Gecko) Chrome/143.0.0.0 Safari/537.36', '2026-01-24 13:53:29'),
	(11, 1, '::1', 'Mozilla/5.0 (Windows NT 10.0; Win64; x64) AppleWebKit/537.36 (KHTML, like Gecko) Chrome/143.0.0.0 Safari/537.36', '2026-01-24 13:55:51'),
	(12, 1, '::1', 'Mozilla/5.0 (Windows NT 10.0; Win64; x64) AppleWebKit/537.36 (KHTML, like Gecko) Chrome/143.0.0.0 Safari/537.36', '2026-01-24 13:57:01'),
	(13, 2, '::1', 'Mozilla/5.0 (Windows NT 10.0; Win64; x64) AppleWebKit/537.36 (KHTML, like Gecko) Chrome/143.0.0.0 Safari/537.36', '2026-01-24 14:00:59'),
	(14, 1, '::1', 'Mozilla/5.0 (Windows NT 10.0; Win64; x64) AppleWebKit/537.36 (KHTML, like Gecko) Chrome/143.0.0.0 Safari/537.36', '2026-01-24 14:03:36'),
	(15, 1, '::1', 'Mozilla/5.0 (Windows NT 10.0; Win64; x64) AppleWebKit/537.36 (KHTML, like Gecko) Chrome/143.0.0.0 Safari/537.36', '2026-01-24 14:20:26'),
	(16, 1, '::1', 'Mozilla/5.0 (Windows NT 10.0; Win64; x64) AppleWebKit/537.36 (KHTML, like Gecko) Chrome/143.0.0.0 Safari/537.36', '2026-01-24 14:55:32'),
	(17, 1, '::1', 'Mozilla/5.0 (Windows NT 10.0; Win64; x64) AppleWebKit/537.36 (KHTML, like Gecko) Chrome/143.0.0.0 Safari/537.36', '2026-01-24 14:55:46'),
	(18, 1, '::1', 'Mozilla/5.0 (Windows NT 10.0; Win64; x64) AppleWebKit/537.36 (KHTML, like Gecko) Chrome/143.0.0.0 Safari/537.36', '2026-01-24 15:19:02'),
	(19, 1, '::1', 'Mozilla/5.0 (Windows NT 10.0; Win64; x64) AppleWebKit/537.36 (KHTML, like Gecko) Chrome/143.0.0.0 Safari/537.36', '2026-01-24 15:20:34'),
	(20, 2, '::1', 'Mozilla/5.0 (Windows NT 10.0; Win64; x64) AppleWebKit/537.36 (KHTML, like Gecko) Chrome/143.0.0.0 Safari/537.36', '2026-01-24 15:24:32'),
	(21, 1, '::1', 'Mozilla/5.0 (Windows NT 10.0; Win64; x64) AppleWebKit/537.36 (KHTML, like Gecko) Chrome/143.0.0.0 Safari/537.36', '2026-01-24 15:35:41'),
	(22, 1, '::1', 'Mozilla/5.0 (Windows NT 10.0; Win64; x64) AppleWebKit/537.36 (KHTML, like Gecko) Chrome/143.0.0.0 Safari/537.36', '2026-01-24 16:08:39'),
	(23, 2, '::1', 'Mozilla/5.0 (Windows NT 10.0; Win64; x64) AppleWebKit/537.36 (KHTML, like Gecko) Chrome/143.0.0.0 Safari/537.36', '2026-01-24 16:10:50'),
	(24, 2, '::1', 'Mozilla/5.0 (Windows NT 10.0; Win64; x64) AppleWebKit/537.36 (KHTML, like Gecko) Chrome/143.0.0.0 Safari/537.36', '2026-01-24 16:31:02'),
	(25, 1, '::1', 'Mozilla/5.0 (Windows NT 10.0; Win64; x64) AppleWebKit/537.36 (KHTML, like Gecko) Chrome/143.0.0.0 Safari/537.36', '2026-01-24 16:31:50'),
	(26, 2, '::1', 'Mozilla/5.0 (Windows NT 10.0; Win64; x64) AppleWebKit/537.36 (KHTML, like Gecko) Chrome/143.0.0.0 Safari/537.36', '2026-01-24 16:37:52'),
	(27, 2, '::1', 'Mozilla/5.0 (Windows NT 10.0; Win64; x64) AppleWebKit/537.36 (KHTML, like Gecko) Chrome/143.0.0.0 Safari/537.36', '2026-01-24 16:48:53'),
	(28, 2, '::1', 'Mozilla/5.0 (Windows NT 10.0; Win64; x64) AppleWebKit/537.36 (KHTML, like Gecko) Chrome/143.0.0.0 Safari/537.36', '2026-01-24 16:52:06'),
	(29, 2, '::1', 'Mozilla/5.0 (Windows NT 10.0; Win64; x64) AppleWebKit/537.36 (KHTML, like Gecko) Chrome/143.0.0.0 Safari/537.36', '2026-01-24 16:52:46'),
	(30, 1, '::1', 'Mozilla/5.0 (Windows NT 10.0; Win64; x64) AppleWebKit/537.36 (KHTML, like Gecko) Chrome/143.0.0.0 Safari/537.36', '2026-01-24 16:54:25'),
	(31, 2, '::1', 'Mozilla/5.0 (Windows NT 10.0; Win64; x64) AppleWebKit/537.36 (KHTML, like Gecko) Chrome/143.0.0.0 Safari/537.36', '2026-01-24 17:30:11'),
	(32, 2, '::1', 'Mozilla/5.0 (Windows NT 10.0; Win64; x64) AppleWebKit/537.36 (KHTML, like Gecko) Chrome/143.0.0.0 Safari/537.36', '2026-01-24 17:31:22'),
	(33, 2, '::1', 'Mozilla/5.0 (Windows NT 10.0; Win64; x64) AppleWebKit/537.36 (KHTML, like Gecko) Chrome/143.0.0.0 Safari/537.36', '2026-01-24 17:38:26'),
	(34, 2, '::1', 'Mozilla/5.0 (Windows NT 10.0; Win64; x64) AppleWebKit/537.36 (KHTML, like Gecko) Chrome/143.0.0.0 Safari/537.36', '2026-01-24 17:41:44'),
	(35, 9, '::1', 'Mozilla/5.0 (Windows NT 10.0; Win64; x64) AppleWebKit/537.36 (KHTML, like Gecko) Chrome/143.0.0.0 Safari/537.36', '2026-01-24 17:55:57'),
	(36, 1, '::1', 'Mozilla/5.0 (Windows NT 10.0; Win64; x64) AppleWebKit/537.36 (KHTML, like Gecko) Chrome/143.0.0.0 Safari/537.36', '2026-01-24 18:07:14'),
	(37, 9, '::1', 'Mozilla/5.0 (Windows NT 10.0; Win64; x64) AppleWebKit/537.36 (KHTML, like Gecko) Chrome/143.0.0.0 Safari/537.36', '2026-01-24 18:07:55'),
	(38, 9, '::1', 'Mozilla/5.0 (Windows NT 10.0; Win64; x64) AppleWebKit/537.36 (KHTML, like Gecko) Chrome/143.0.0.0 Safari/537.36', '2026-01-24 18:08:46'),
	(39, 1, '::1', 'Mozilla/5.0 (Windows NT 10.0; Win64; x64) AppleWebKit/537.36 (KHTML, like Gecko) Chrome/143.0.0.0 Safari/537.36', '2026-01-24 18:12:40'),
	(40, 9, '::1', 'Mozilla/5.0 (Windows NT 10.0; Win64; x64) AppleWebKit/537.36 (KHTML, like Gecko) Chrome/143.0.0.0 Safari/537.36', '2026-01-24 18:15:12'),
	(41, 1, '::1', 'Mozilla/5.0 (Windows NT 10.0; Win64; x64) AppleWebKit/537.36 (KHTML, like Gecko) Chrome/143.0.0.0 Safari/537.36', '2026-01-24 18:19:27'),
	(42, 9, '::1', 'Mozilla/5.0 (Windows NT 10.0; Win64; x64) AppleWebKit/537.36 (KHTML, like Gecko) Chrome/143.0.0.0 Safari/537.36', '2026-01-24 18:19:53'),
	(43, 1, '::1', 'Mozilla/5.0 (Windows NT 10.0; Win64; x64) AppleWebKit/537.36 (KHTML, like Gecko) Chrome/143.0.0.0 Safari/537.36', '2026-01-24 18:37:10'),
	(44, 9, '::1', 'Mozilla/5.0 (Windows NT 10.0; Win64; x64) AppleWebKit/537.36 (KHTML, like Gecko) Chrome/143.0.0.0 Safari/537.36', '2026-01-24 18:42:48'),
	(45, 1, '::1', 'Mozilla/5.0 (Windows NT 10.0; Win64; x64) AppleWebKit/537.36 (KHTML, like Gecko) Chrome/143.0.0.0 Safari/537.36', '2026-01-24 18:45:59'),
	(46, 2, '::1', 'Mozilla/5.0 (Windows NT 10.0; Win64; x64) AppleWebKit/537.36 (KHTML, like Gecko) Chrome/143.0.0.0 Safari/537.36', '2026-01-24 18:50:15'),
	(47, 1, '::1', 'Mozilla/5.0 (Windows NT 10.0; Win64; x64) AppleWebKit/537.36 (KHTML, like Gecko) Chrome/143.0.0.0 Safari/537.36', '2026-01-24 18:51:23'),
	(48, 9, '::1', 'Mozilla/5.0 (Windows NT 10.0; Win64; x64) AppleWebKit/537.36 (KHTML, like Gecko) Chrome/143.0.0.0 Safari/537.36', '2026-01-24 18:55:00'),
	(49, 1, '::1', 'Mozilla/5.0 (Windows NT 10.0; Win64; x64) AppleWebKit/537.36 (KHTML, like Gecko) Chrome/143.0.0.0 Safari/537.36', '2026-01-24 18:57:23'),
	(50, 9, '::1', 'Mozilla/5.0 (Windows NT 10.0; Win64; x64) AppleWebKit/537.36 (KHTML, like Gecko) Chrome/143.0.0.0 Safari/537.36', '2026-01-24 18:58:31'),
	(51, 9, '::1', 'Mozilla/5.0 (Windows NT 10.0; Win64; x64) AppleWebKit/537.36 (KHTML, like Gecko) Chrome/143.0.0.0 Safari/537.36', '2026-01-24 19:03:04'),
	(52, 9, '192.168.1.34', 'Mozilla/5.0 (iPhone; CPU iPhone OS 17_6_1 like Mac OS X) AppleWebKit/605.1.15 (KHTML, like Gecko) Mobile/21G93 Instagram 413.0.0.20.79 (iPhone14,5; iOS 17_6_1; en_US; en; scale=3.00; 1170x2532; IABMV/1; 863488198) Safari/604.1', '2026-01-24 19:13:26'),
	(53, 1, '127.0.0.1', 'Mozilla/5.0 (Windows NT 10.0; Win64; x64) AppleWebKit/537.36 (KHTML, like Gecko) Chrome/143.0.0.0 Safari/537.36', '2026-01-24 19:14:31'),
	(54, 1, '192.168.1.34', 'Mozilla/5.0 (iPhone; CPU iPhone OS 17_6_1 like Mac OS X) AppleWebKit/605.1.15 (KHTML, like Gecko) Mobile/21G93 Instagram 413.0.0.20.79 (iPhone14,5; iOS 17_6_1; en_US; en; scale=3.00; 1170x2532; IABMV/1; 863488198) Safari/604.1', '2026-01-24 19:14:54'),
	(55, 1, '127.0.0.1', 'Mozilla/5.0 (Windows NT 10.0; Win64; x64) AppleWebKit/537.36 (KHTML, like Gecko) Chrome/143.0.0.0 Safari/537.36', '2026-01-24 19:15:10'),
	(56, 1, '127.0.0.1', 'Mozilla/5.0 (Windows NT 10.0; Win64; x64) AppleWebKit/537.36 (KHTML, like Gecko) Chrome/143.0.0.0 Safari/537.36', '2026-01-24 19:21:11'),
	(57, 2, '127.0.0.1', 'Mozilla/5.0 (Windows NT 10.0; Win64; x64) AppleWebKit/537.36 (KHTML, like Gecko) Chrome/143.0.0.0 Safari/537.36', '2026-01-24 19:21:27'),
	(58, 2, '127.0.0.1', 'Mozilla/5.0 (Windows NT 10.0; Win64; x64) AppleWebKit/537.36 (KHTML, like Gecko) Chrome/143.0.0.0 Safari/537.36', '2026-01-24 19:26:41'),
	(59, 1, '127.0.0.1', 'Mozilla/5.0 (Windows NT 10.0; Win64; x64) AppleWebKit/537.36 (KHTML, like Gecko) Chrome/143.0.0.0 Safari/537.36', '2026-01-24 19:27:51'),
	(60, 9, '127.0.0.1', 'Mozilla/5.0 (Windows NT 10.0; Win64; x64) AppleWebKit/537.36 (KHTML, like Gecko) Chrome/143.0.0.0 Safari/537.36', '2026-01-24 19:35:41'),
	(61, 2, '127.0.0.1', 'Mozilla/5.0 (Windows NT 10.0; Win64; x64) AppleWebKit/537.36 (KHTML, like Gecko) Chrome/143.0.0.0 Safari/537.36', '2026-01-24 19:55:09'),
	(62, 2, '127.0.0.1', 'Mozilla/5.0 (Windows NT 10.0; Win64; x64) AppleWebKit/537.36 (KHTML, like Gecko) Chrome/144.0.0.0 Safari/537.36', '2026-01-25 02:49:14'),
	(63, 2, '127.0.0.1', 'Mozilla/5.0 (Windows NT 10.0; Win64; x64) AppleWebKit/537.36 (KHTML, like Gecko) Chrome/144.0.0.0 Safari/537.36', '2026-01-25 05:12:08'),
	(64, 2, '127.0.0.1', 'Mozilla/5.0 (Windows NT 10.0; Win64; x64) AppleWebKit/537.36 (KHTML, like Gecko) Chrome/144.0.0.0 Safari/537.36', '2026-01-25 07:47:41'),
	(65, 1, '127.0.0.1', 'Mozilla/5.0 (Windows NT 10.0; Win64; x64) AppleWebKit/537.36 (KHTML, like Gecko) Chrome/144.0.0.0 Safari/537.36', '2026-01-25 07:50:17'),
	(66, 902, '127.0.0.1', 'Mozilla/5.0 (Windows NT 10.0; Win64; x64) AppleWebKit/537.36 (KHTML, like Gecko) Chrome/144.0.0.0 Safari/537.36', '2026-01-25 07:52:06'),
	(67, 1, '192.168.1.34', 'Mozilla/5.0 (iPhone; CPU iPhone OS 17_6_1 like Mac OS X) AppleWebKit/605.1.15 (KHTML, like Gecko) Version/17.6 Mobile/15E148 Safari/604.1', '2026-01-25 08:04:31'),
	(68, 2, '192.168.1.34', 'Mozilla/5.0 (iPhone; CPU iPhone OS 17_6_1 like Mac OS X) AppleWebKit/605.1.15 (KHTML, like Gecko) Version/17.6 Mobile/15E148 Safari/604.1', '2026-01-25 08:13:20'),
	(69, 9, '127.0.0.1', 'Mozilla/5.0 (Windows NT 10.0; Win64; x64) AppleWebKit/537.36 (KHTML, like Gecko) Chrome/144.0.0.0 Safari/537.36', '2026-01-25 08:14:47'),
	(70, 9, '127.0.0.1', 'Mozilla/5.0 (Windows NT 10.0; Win64; x64) AppleWebKit/537.36 (KHTML, like Gecko) Chrome/144.0.0.0 Safari/537.36', '2026-01-25 15:04:17'),
	(71, 9, '127.0.0.1', 'Mozilla/5.0 (Windows NT 10.0; Win64; x64) AppleWebKit/537.36 (KHTML, like Gecko) Chrome/144.0.0.0 Safari/537.36', '2026-01-26 01:08:41'),
	(72, 1, '127.0.0.1', 'Mozilla/5.0 (Windows NT 10.0; Win64; x64) AppleWebKit/537.36 (KHTML, like Gecko) Chrome/144.0.0.0 Safari/537.36', '2026-01-26 01:11:08');

-- Dumping structure for table projectweb.notifications
CREATE TABLE IF NOT EXISTS `notifications` (
  `id` int(11) NOT NULL AUTO_INCREMENT,
  `user_id` int(11) NOT NULL,
  `pet_id` int(11) DEFAULT NULL,
  `type` varchar(50) NOT NULL,
  `message` varchar(255) NOT NULL,
  `is_read` tinyint(1) NOT NULL DEFAULT 0,
  `created_at` timestamp NULL DEFAULT current_timestamp(),
  PRIMARY KEY (`id`),
  KEY `idx_notifications_user_id` (`user_id`),
  KEY `idx_notifications_pet_id` (`pet_id`)
) ENGINE=InnoDB AUTO_INCREMENT=7 DEFAULT CHARSET=utf8mb4 COLLATE=utf8mb4_uca1400_ai_ci;

-- Dumping data for table projectweb.notifications: ~6 rows (approximately)
DELETE FROM `notifications`;
INSERT INTO `notifications` (`id`, `user_id`, `pet_id`, `type`, `message`, `is_read`, `created_at`) VALUES
	(1, 2, 2, 'favorite_adopted', '🔔 ถุงทอง ถูกรับเลี้ยงแล้ว', 1, '2026-01-24 18:07:29'),
	(2, 2, 2, 'favorite_adopted', '🔔 ถุงทอง ถูกรับเลี้ยงแล้ว', 0, '2026-01-24 18:14:43'),
	(3, 9, 1, 'favorite_adopted', '🔔 โคนัน ถูกรับเลี้ยงแล้ว', 1, '2026-01-24 18:19:35'),
	(4, 2, 6, 'new_pet_match', '🔔 มีสัตว์ใหม่ตรงกับความสนใจ: ปุยนุ่น', 1, '2026-01-25 08:05:35'),
	(5, 9, 6, 'new_pet_match', '🔔 มีสัตว์ใหม่ตรงกับความสนใจ: ปุยนุ่น', 0, '2026-01-25 08:05:35'),
	(6, 902, 6, 'new_pet_match', '🔔 มีสัตว์ใหม่ตรงกับความสนใจ: ปุยนุ่น', 0, '2026-01-25 08:05:35');

-- Dumping structure for table projectweb.pets
CREATE TABLE IF NOT EXISTS `pets` (
  `id` int(11) NOT NULL AUTO_INCREMENT,
  `pet_id` varchar(50) DEFAULT NULL,
  `name` varchar(255) NOT NULL,
  `type` varchar(50) NOT NULL,
  `gender` varchar(10) NOT NULL,
  `age_year` int(11) NOT NULL DEFAULT 0,
  `age_month` int(11) NOT NULL DEFAULT 0,
  `age_text` varchar(50) DEFAULT NULL,
  `sterilized` enum('yes','no') NOT NULL DEFAULT 'no',
  `post_status` enum('open','close') NOT NULL DEFAULT 'open',
  `color` varchar(50) DEFAULT NULL,
  `details` text DEFAULT NULL,
  `image` varchar(255) DEFAULT NULL,
  `created_at` timestamp NULL DEFAULT current_timestamp(),
  `adoption_status` enum('available','unavailable','adopted') NOT NULL DEFAULT 'available',
  `image_2` varchar(255) DEFAULT NULL,
  `image_3` varchar(255) DEFAULT NULL,
  `vaccinated` enum('yes','no') NOT NULL DEFAULT 'no',
  `view_count` int(11) NOT NULL DEFAULT 0,
  PRIMARY KEY (`id`),
  UNIQUE KEY `pet_id` (`pet_id`)
) ENGINE=InnoDB AUTO_INCREMENT=8 DEFAULT CHARSET=utf8mb4 COLLATE=utf8mb4_uca1400_ai_ci;

-- Dumping data for table projectweb.pets: ~6 rows (approximately)
DELETE FROM `pets`;
INSERT INTO `pets` (`id`, `pet_id`, `name`, `type`, `gender`, `age_year`, `age_month`, `age_text`, `sterilized`, `post_status`, `color`, `details`, `image`, `created_at`, `adoption_status`, `image_2`, `image_3`, `vaccinated`, `view_count`) VALUES
	(1, '001', 'โคนัน', 'cats', 'male', 1, 1, NULL, 'no', 'open', 'White', 'น่ารัก', '/uploads/3af03d1d58e75e75a820d4b881e68724', '2026-01-24 09:11:14', 'adopted', '/uploads/5582e7c03bf7f1ac060550dbf18308f4', '/uploads/81d9e6e814483ed4e7ef3d6ae01ebb0e', 'yes', 29),
	(2, '002', 'ถุงทอง', 'cats', 'male', 1, 1, NULL, 'yes', 'open', 'Calico', 'น่ารัก', '/uploads/94b4a900cab37fb73a97f19455769f76', '2026-01-24 09:24:34', 'adopted', '/uploads/561f0371dd773bdaf78c268df6e828c9', '/uploads/a6471dd6c971948035554caefed31c53', 'no', 25),
	(3, '003', 'เฉาก๋วย', 'dogs', 'male', 6, 1, NULL, 'yes', 'open', 'Black', 'กวน', '/uploads/55749ecbf617c978339c23c8c2309d65', '2026-01-24 09:51:30', 'adopted', '/uploads/5b4cd71bbe4434ce08ca6520c530ea62', '/uploads/75597f0f88b082344db7a891c08913eb', 'yes', 8),
	(4, '004', 'dekdek', 'dogs', 'male', 4, 1, NULL, 'no', 'open', 'Black', 'ขี้เล่นเเละขี้อ้อน', '/uploads/1f14716256f4245dd72ee36c9609b723', '2026-01-24 09:54:00', 'available', '/uploads/c45f970fb44cb805072220e2afdfd581', '/uploads/9f2d50fe6c1d3040afd8097209ec7de9', 'yes', 7),
	(6, '006', 'ปุยนุ่น', 'cats', 'female', 9, 7, NULL, 'yes', 'open', 'White', 'ขี้อ้อน กินจุ วิ่งเล่นทั้งวัน', '/uploads/3706b3f5cd028a5f37062e2c561bd828', '2026-01-25 08:05:35', 'available', '/uploads/de55c465f5737c4a489619871a410e81', '/uploads/c584b0683d978bd1baf84522681532e7', 'yes', 2),
	(7, '007', 'ด่าง', 'dogs', 'male', 5, 7, NULL, 'yes', 'open', 'Gray', 'อยู่ไม่นิ่ง น่ารัก ขี้อ้อน', '/uploads/78c21e0a0a5c33fcd3a9589332997594', '2026-01-25 08:12:51', 'available', '/uploads/cb88192f311aee1b42e7a2cfbd1668b8', '/uploads/e2e79134fc99e0ea7fd0c4bda5d472c7', 'yes', 1);

-- Dumping structure for table projectweb.users
CREATE TABLE IF NOT EXISTS `users` (
  `id` int(11) NOT NULL AUTO_INCREMENT,
  `name` varchar(100) DEFAULT NULL,
  `email` varchar(100) DEFAULT NULL,
  `password` varchar(255) NOT NULL,
  `role` enum('user','admin') NOT NULL DEFAULT 'user',
  `created_at` timestamp NULL DEFAULT current_timestamp(),
  PRIMARY KEY (`id`)
) ENGINE=InnoDB AUTO_INCREMENT=915 DEFAULT CHARSET=utf8mb4 COLLATE=utf8mb4_uca1400_ai_ci;

-- Dumping data for table projectweb.users: ~914 rows (approximately)
DELETE FROM `users`;
INSERT INTO `users` (`id`, `name`, `email`, `password`, `role`, `created_at`) VALUES
	(1, 'Admin', 'admin@example.com', '1234', 'admin', '2026-01-24 14:44:18'),
	(2, 'User', 'user@example.com', '1234', 'user', '2026-01-24 14:44:18'),
	(3, 'Admin', 'admin@example.com', '1234', 'admin', '2026-01-24 14:44:18'),
	(4, 'User', 'user@example.com', '1234', 'user', '2026-01-24 14:44:18'),
	(5, 'Admin', 'admin@example.com', '1234', 'admin', '2026-01-24 14:44:18'),
	(6, 'User', 'user@example.com', '1234', 'user', '2026-01-24 14:44:18'),
	(7, 'Admin', 'admin@example.com', '1234', 'admin', '2026-01-24 14:44:18'),
	(8, 'User', 'user@example.com', '1234', 'user', '2026-01-24 14:44:18'),
	(9, 'kittisak1', '67026203@up.ac.th', '1234', 'user', '2026-01-24 14:44:18'),
	(10, 'Admin', 'admin@example.com', '1234', 'admin', '2026-01-24 14:44:18'),
	(11, 'User', 'user@example.com', '1234', 'user', '2026-01-24 14:44:18'),
	(12, 'Admin', 'admin@example.com', '1234', 'admin', '2026-01-24 14:44:18'),
	(13, 'User', 'user@example.com', '1234', 'user', '2026-01-24 14:44:18'),
	(14, 'Admin', 'admin@example.com', '1234', 'admin', '2026-01-24 14:44:18'),
	(15, 'User', 'user@example.com', '1234', 'user', '2026-01-24 14:44:18'),
	(16, 'Admin', 'admin@example.com', '1234', 'admin', '2026-01-24 14:44:18'),
	(17, 'User', 'user@example.com', '1234', 'user', '2026-01-24 14:44:18'),
	(18, 'Admin', 'admin@example.com', '1234', 'admin', '2026-01-24 14:44:18'),
	(19, 'User', 'user@example.com', '1234', 'user', '2026-01-24 14:44:18'),
	(20, 'Admin', 'admin@example.com', '1234', 'admin', '2026-01-24 14:44:18'),
	(21, 'User', 'user@example.com', '1234', 'user', '2026-01-24 14:44:18'),
	(22, 'Admin', 'admin@example.com', '1234', 'admin', '2026-01-24 14:44:18'),
	(23, 'User', 'user@example.com', '1234', 'user', '2026-01-24 14:44:18'),
	(24, 'Admin', 'admin@example.com', '1234', 'admin', '2026-01-24 14:44:18'),
	(25, 'User', 'user@example.com', '1234', 'user', '2026-01-24 14:44:18'),
	(26, 'Admin', 'admin@example.com', '1234', 'admin', '2026-01-24 14:44:18'),
	(27, 'User', 'user@example.com', '1234', 'user', '2026-01-24 14:44:18'),
	(28, 'Admin', 'admin@example.com', '1234', 'admin', '2026-01-24 14:44:18'),
	(29, 'User', 'user@example.com', '1234', 'user', '2026-01-24 14:44:18'),
	(30, 'Admin', 'admin@example.com', '1234', 'admin', '2026-01-24 14:44:18'),
	(31, 'User', 'user@example.com', '1234', 'user', '2026-01-24 14:44:18'),
	(32, 'Admin', 'admin@example.com', '1234', 'admin', '2026-01-24 14:44:18'),
	(33, 'User', 'user@example.com', '1234', 'user', '2026-01-24 14:44:18'),
	(34, 'Admin', 'admin@example.com', '1234', 'admin', '2026-01-24 14:44:18'),
	(35, 'User', 'user@example.com', '1234', 'user', '2026-01-24 14:44:18'),
	(36, 'Admin', 'admin@example.com', '1234', 'admin', '2026-01-24 14:44:18'),
	(37, 'User', 'user@example.com', '1234', 'user', '2026-01-24 14:44:18'),
	(38, 'Admin', 'admin@example.com', '1234', 'admin', '2026-01-24 14:44:18'),
	(39, 'User', 'user@example.com', '1234', 'user', '2026-01-24 14:44:18'),
	(40, 'Admin', 'admin@example.com', '1234', 'admin', '2026-01-24 14:44:18'),
	(41, 'User', 'user@example.com', '1234', 'user', '2026-01-24 14:44:18'),
	(42, 'Admin', 'admin@example.com', '1234', 'admin', '2026-01-24 14:44:18'),
	(43, 'User', 'user@example.com', '1234', 'user', '2026-01-24 14:44:18'),
	(44, 'Admin', 'admin@example.com', '1234', 'admin', '2026-01-24 14:44:18'),
	(45, 'User', 'user@example.com', '1234', 'user', '2026-01-24 14:44:18'),
	(46, 'Admin', 'admin@example.com', '1234', 'admin', '2026-01-24 14:44:18'),
	(47, 'User', 'user@example.com', '1234', 'user', '2026-01-24 14:44:18'),
	(48, 'Admin', 'admin@example.com', '1234', 'admin', '2026-01-24 14:44:18'),
	(49, 'User', 'user@example.com', '1234', 'user', '2026-01-24 14:44:18'),
	(50, 'Admin', 'admin@example.com', '1234', 'admin', '2026-01-24 14:44:18'),
	(51, 'User', 'user@example.com', '1234', 'user', '2026-01-24 14:44:18'),
	(52, 'Admin', 'admin@example.com', '1234', 'admin', '2026-01-24 14:44:18'),
	(53, 'User', 'user@example.com', '1234', 'user', '2026-01-24 14:44:18'),
	(54, 'Admin', 'admin@example.com', '1234', 'admin', '2026-01-24 14:44:18'),
	(55, 'User', 'user@example.com', '1234', 'user', '2026-01-24 14:44:18'),
	(56, 'Admin', 'admin@example.com', '1234', 'admin', '2026-01-24 14:44:18'),
	(57, 'User', 'user@example.com', '1234', 'user', '2026-01-24 14:44:18'),
	(58, 'Admin', 'admin@example.com', '1234', 'admin', '2026-01-24 14:44:18'),
	(59, 'User', 'user@example.com', '1234', 'user', '2026-01-24 14:44:18'),
	(60, 'Admin', 'admin@example.com', '1234', 'admin', '2026-01-24 14:44:18'),
	(61, 'User', 'user@example.com', '1234', 'user', '2026-01-24 14:44:18'),
	(62, 'Admin', 'admin@example.com', '1234', 'admin', '2026-01-24 14:44:18'),
	(63, 'User', 'user@example.com', '1234', 'user', '2026-01-24 14:44:18'),
	(64, 'Admin', 'admin@example.com', '1234', 'admin', '2026-01-24 14:44:18'),
	(65, 'User', 'user@example.com', '1234', 'user', '2026-01-24 14:44:18'),
	(66, 'Admin', 'admin@example.com', '1234', 'admin', '2026-01-24 14:44:18'),
	(67, 'User', 'user@example.com', '1234', 'user', '2026-01-24 14:44:18'),
	(68, 'Admin', 'admin@example.com', '1234', 'admin', '2026-01-24 14:44:18'),
	(69, 'User', 'user@example.com', '1234', 'user', '2026-01-24 14:44:18'),
	(70, 'Admin', 'admin@example.com', '1234', 'admin', '2026-01-24 14:44:18'),
	(71, 'User', 'user@example.com', '1234', 'user', '2026-01-24 14:44:18'),
	(72, 'Admin', 'admin@example.com', '1234', 'admin', '2026-01-24 14:44:18'),
	(73, 'User', 'user@example.com', '1234', 'user', '2026-01-24 14:44:18'),
	(74, 'Admin', 'admin@example.com', '1234', 'admin', '2026-01-24 14:44:18'),
	(75, 'User', 'user@example.com', '1234', 'user', '2026-01-24 14:44:18'),
	(76, 'Admin', 'admin@example.com', '1234', 'admin', '2026-01-24 14:44:18'),
	(77, 'User', 'user@example.com', '1234', 'user', '2026-01-24 14:44:18'),
	(78, 'Admin', 'admin@example.com', '1234', 'admin', '2026-01-24 14:44:18'),
	(79, 'User', 'user@example.com', '1234', 'user', '2026-01-24 14:44:18'),
	(80, 'Admin', 'admin@example.com', '1234', 'admin', '2026-01-24 14:44:18'),
	(81, 'User', 'user@example.com', '1234', 'user', '2026-01-24 14:44:18'),
	(82, 'Admin', 'admin@example.com', '1234', 'admin', '2026-01-24 14:44:18'),
	(83, 'User', 'user@example.com', '1234', 'user', '2026-01-24 14:44:18'),
	(84, 'Admin', 'admin@example.com', '1234', 'admin', '2026-01-24 14:44:18'),
	(85, 'User', 'user@example.com', '1234', 'user', '2026-01-24 14:44:18'),
	(86, 'Admin', 'admin@example.com', '1234', 'admin', '2026-01-24 14:44:18'),
	(87, 'User', 'user@example.com', '1234', 'user', '2026-01-24 14:44:18'),
	(88, 'Admin', 'admin@example.com', '1234', 'admin', '2026-01-24 14:44:18'),
	(89, 'User', 'user@example.com', '1234', 'user', '2026-01-24 14:44:18'),
	(90, 'Admin', 'admin@example.com', '1234', 'admin', '2026-01-24 14:44:18'),
	(91, 'User', 'user@example.com', '1234', 'user', '2026-01-24 14:44:18'),
	(92, 'Admin', 'admin@example.com', '1234', 'admin', '2026-01-24 14:44:18'),
	(93, 'User', 'user@example.com', '1234', 'user', '2026-01-24 14:44:18'),
	(94, 'Admin', 'admin@example.com', '1234', 'admin', '2026-01-24 14:44:18'),
	(95, 'User', 'user@example.com', '1234', 'user', '2026-01-24 14:44:18'),
	(96, 'Admin', 'admin@example.com', '1234', 'admin', '2026-01-24 14:44:18'),
	(97, 'User', 'user@example.com', '1234', 'user', '2026-01-24 14:44:18'),
	(98, 'Admin', 'admin@example.com', '1234', 'admin', '2026-01-24 14:44:18'),
	(99, 'User', 'user@example.com', '1234', 'user', '2026-01-24 14:44:18'),
	(100, 'Admin', 'admin@example.com', '1234', 'admin', '2026-01-24 14:44:18'),
	(101, 'User', 'user@example.com', '1234', 'user', '2026-01-24 14:44:18'),
	(102, 'Admin', 'admin@example.com', '1234', 'admin', '2026-01-24 14:44:18'),
	(103, 'User', 'user@example.com', '1234', 'user', '2026-01-24 14:44:18'),
	(104, 'Admin', 'admin@example.com', '1234', 'admin', '2026-01-24 14:44:18'),
	(105, 'User', 'user@example.com', '1234', 'user', '2026-01-24 14:44:18'),
	(106, 'Admin', 'admin@example.com', '1234', 'admin', '2026-01-24 14:44:18'),
	(107, 'User', 'user@example.com', '1234', 'user', '2026-01-24 14:44:18'),
	(108, 'Admin', 'admin@example.com', '1234', 'admin', '2026-01-24 14:44:18'),
	(109, 'User', 'user@example.com', '1234', 'user', '2026-01-24 14:44:18'),
	(110, 'Admin', 'admin@example.com', '1234', 'admin', '2026-01-24 14:44:18'),
	(111, 'User', 'user@example.com', '1234', 'user', '2026-01-24 14:44:18'),
	(112, 'Admin', 'admin@example.com', '1234', 'admin', '2026-01-24 14:44:18'),
	(113, 'User', 'user@example.com', '1234', 'user', '2026-01-24 14:44:18'),
	(114, 'Admin', 'admin@example.com', '1234', 'admin', '2026-01-24 14:44:18'),
	(115, 'User', 'user@example.com', '1234', 'user', '2026-01-24 14:44:18'),
	(116, 'Admin', 'admin@example.com', '1234', 'admin', '2026-01-24 14:44:18'),
	(117, 'User', 'user@example.com', '1234', 'user', '2026-01-24 14:44:18'),
	(118, 'Admin', 'admin@example.com', '1234', 'admin', '2026-01-24 14:44:18'),
	(119, 'User', 'user@example.com', '1234', 'user', '2026-01-24 14:44:18'),
	(120, 'Admin', 'admin@example.com', '1234', 'admin', '2026-01-24 14:44:18'),
	(121, 'User', 'user@example.com', '1234', 'user', '2026-01-24 14:44:18'),
	(122, 'Admin', 'admin@example.com', '1234', 'admin', '2026-01-24 14:44:18'),
	(123, 'User', 'user@example.com', '1234', 'user', '2026-01-24 14:44:18'),
	(124, 'Admin', 'admin@example.com', '1234', 'admin', '2026-01-24 14:44:18'),
	(125, 'User', 'user@example.com', '1234', 'user', '2026-01-24 14:44:18'),
	(126, 'Admin', 'admin@example.com', '1234', 'admin', '2026-01-24 14:44:18'),
	(127, 'User', 'user@example.com', '1234', 'user', '2026-01-24 14:44:18'),
	(128, 'Admin', 'admin@example.com', '1234', 'admin', '2026-01-24 14:44:18'),
	(129, 'User', 'user@example.com', '1234', 'user', '2026-01-24 14:44:18'),
	(130, 'Admin', 'admin@example.com', '1234', 'admin', '2026-01-24 14:44:18'),
	(131, 'User', 'user@example.com', '1234', 'user', '2026-01-24 14:44:18'),
	(132, 'kiki555', '67021602@up.ac.th', '123456', 'user', '2026-01-24 14:44:18'),
	(133, 'Admin', 'admin@example.com', '1234', 'admin', '2026-01-24 14:44:18'),
	(134, 'User', 'user@example.com', '1234', 'user', '2026-01-24 14:44:18'),
	(135, 'Admin', 'admin@example.com', '1234', 'admin', '2026-01-24 14:44:18'),
	(136, 'User', 'user@example.com', '1234', 'user', '2026-01-24 14:44:18'),
	(137, 'Admin', 'admin@example.com', '1234', 'admin', '2026-01-24 14:44:18'),
	(138, 'User', 'user@example.com', '1234', 'user', '2026-01-24 14:44:18'),
	(139, 'Admin', 'admin@example.com', '1234', 'admin', '2026-01-24 14:44:18'),
	(140, 'User', 'user@example.com', '1234', 'user', '2026-01-24 14:44:18'),
	(141, 'Admin', 'admin@example.com', '1234', 'admin', '2026-01-24 14:44:18'),
	(142, 'User', 'user@example.com', '1234', 'user', '2026-01-24 14:44:18'),
	(143, 'Admin', 'admin@example.com', '1234', 'admin', '2026-01-24 14:44:18'),
	(144, 'User', 'user@example.com', '1234', 'user', '2026-01-24 14:44:18'),
	(145, 'Admin', 'admin@example.com', '1234', 'admin', '2026-01-24 14:44:18'),
	(146, 'User', 'user@example.com', '1234', 'user', '2026-01-24 14:44:18'),
	(147, 'Admin', 'admin@example.com', '1234', 'admin', '2026-01-24 14:44:18'),
	(148, 'User', 'user@example.com', '1234', 'user', '2026-01-24 14:44:18'),
	(149, 'Admin', 'admin@example.com', '1234', 'admin', '2026-01-24 14:44:18'),
	(150, 'User', 'user@example.com', '1234', 'user', '2026-01-24 14:44:18'),
	(151, 'Admin', 'admin@example.com', '1234', 'admin', '2026-01-24 14:44:18'),
	(152, 'User', 'user@example.com', '1234', 'user', '2026-01-24 14:44:18'),
	(153, 'Admin', 'admin@example.com', '1234', 'admin', '2026-01-24 14:44:18'),
	(154, 'User', 'user@example.com', '1234', 'user', '2026-01-24 14:44:18'),
	(155, 'Admin', 'admin@example.com', '1234', 'admin', '2026-01-24 14:44:18'),
	(156, 'User', 'user@example.com', '1234', 'user', '2026-01-24 14:44:18'),
	(157, 'Admin', 'admin@example.com', '1234', 'admin', '2026-01-24 14:44:18'),
	(158, 'User', 'user@example.com', '1234', 'user', '2026-01-24 14:44:18'),
	(159, 'Admin', 'admin@example.com', '1234', 'admin', '2026-01-24 14:44:18'),
	(160, 'User', 'user@example.com', '1234', 'user', '2026-01-24 14:44:18'),
	(161, 'Admin', 'admin@example.com', '1234', 'admin', '2026-01-24 14:44:18'),
	(162, 'User', 'user@example.com', '1234', 'user', '2026-01-24 14:44:18'),
	(163, 'Admin', 'admin@example.com', '1234', 'admin', '2026-01-24 14:44:18'),
	(164, 'User', 'user@example.com', '1234', 'user', '2026-01-24 14:44:18'),
	(165, 'Admin', 'admin@example.com', '1234', 'admin', '2026-01-24 14:44:18'),
	(166, 'User', 'user@example.com', '1234', 'user', '2026-01-24 14:44:18'),
	(167, 'Admin', 'admin@example.com', '1234', 'admin', '2026-01-24 14:44:18'),
	(168, 'User', 'user@example.com', '1234', 'user', '2026-01-24 14:44:18'),
	(169, 'Admin', 'admin@example.com', '1234', 'admin', '2026-01-24 14:44:18'),
	(170, 'User', 'user@example.com', '1234', 'user', '2026-01-24 14:44:18'),
	(171, 'tt67', '67021545@up.com', '123456', 'user', '2026-01-24 14:44:18'),
	(172, 'Admin', 'admin@example.com', '1234', 'admin', '2026-01-24 14:44:18'),
	(173, 'User', 'user@example.com', '1234', 'user', '2026-01-24 14:44:18'),
	(174, 'Admin', 'admin@example.com', '1234', 'admin', '2026-01-24 14:44:18'),
	(175, 'User', 'user@example.com', '1234', 'user', '2026-01-24 14:44:18'),
	(176, 'Admin', 'admin@example.com', '1234', 'admin', '2026-01-24 14:44:18'),
	(177, 'User', 'user@example.com', '1234', 'user', '2026-01-24 14:44:18'),
	(178, 'Admin', 'admin@example.com', '1234', 'admin', '2026-01-24 14:44:18'),
	(179, 'User', 'user@example.com', '1234', 'user', '2026-01-24 14:44:18'),
	(180, 'Admin', 'admin@example.com', '1234', 'admin', '2026-01-24 14:44:18'),
	(181, 'User', 'user@example.com', '1234', 'user', '2026-01-24 14:44:18'),
	(182, 'Admin', 'admin@example.com', '1234', 'admin', '2026-01-24 14:44:18'),
	(183, 'User', 'user@example.com', '1234', 'user', '2026-01-24 14:44:18'),
	(184, 'Admin', 'admin@example.com', '1234', 'admin', '2026-01-24 14:44:18'),
	(185, 'User', 'user@example.com', '1234', 'user', '2026-01-24 14:44:18'),
	(186, 'Admin', 'admin@example.com', '1234', 'admin', '2026-01-24 14:44:18'),
	(187, 'User', 'user@example.com', '1234', 'user', '2026-01-24 14:44:18'),
	(188, 'Admin', 'admin@example.com', '1234', 'admin', '2026-01-24 14:44:18'),
	(189, 'User', 'user@example.com', '1234', 'user', '2026-01-24 14:44:18'),
	(190, 'Admin', 'admin@example.com', '1234', 'admin', '2026-01-24 14:44:18'),
	(191, 'User', 'user@example.com', '1234', 'user', '2026-01-24 14:44:18'),
	(192, 'Admin', 'admin@example.com', '1234', 'admin', '2026-01-24 14:44:18'),
	(193, 'User', 'user@example.com', '1234', 'user', '2026-01-24 14:44:18'),
	(194, 'Admin', 'admin@example.com', '1234', 'admin', '2026-01-24 14:44:18'),
	(195, 'User', 'user@example.com', '1234', 'user', '2026-01-24 14:44:18'),
	(196, 'Admin', 'admin@example.com', '1234', 'admin', '2026-01-24 14:44:18'),
	(197, 'User', 'user@example.com', '1234', 'user', '2026-01-24 14:44:18'),
	(198, 'Admin', 'admin@example.com', '1234', 'admin', '2026-01-24 14:44:18'),
	(199, 'User', 'user@example.com', '1234', 'user', '2026-01-24 14:44:18'),
	(200, 'Admin', 'admin@example.com', '1234', 'admin', '2026-01-24 14:44:18'),
	(201, 'User', 'user@example.com', '1234', 'user', '2026-01-24 14:44:18'),
	(202, 'Admin', 'admin@example.com', '1234', 'admin', '2026-01-24 14:44:18'),
	(203, 'User', 'user@example.com', '1234', 'user', '2026-01-24 14:44:18'),
	(204, 'Admin', 'admin@example.com', '1234', 'admin', '2026-01-24 14:44:18'),
	(205, 'User', 'user@example.com', '1234', 'user', '2026-01-24 14:44:18'),
	(206, 'Admin', 'admin@example.com', '1234', 'admin', '2026-01-24 14:44:18'),
	(207, 'User', 'user@example.com', '1234', 'user', '2026-01-24 14:44:18'),
	(208, 'Admin', 'admin@example.com', '1234', 'admin', '2026-01-24 14:44:18'),
	(209, 'User', 'user@example.com', '1234', 'user', '2026-01-24 14:44:18'),
	(210, 'Admin', 'admin@example.com', '1234', 'admin', '2026-01-24 14:44:18'),
	(211, 'User', 'user@example.com', '1234', 'user', '2026-01-24 14:44:18'),
	(212, 'Admin', 'admin@example.com', '1234', 'admin', '2026-01-24 14:44:18'),
	(213, 'User', 'user@example.com', '1234', 'user', '2026-01-24 14:44:18'),
	(214, 'Admin', 'admin@example.com', '1234', 'admin', '2026-01-24 14:44:18'),
	(215, 'User', 'user@example.com', '1234', 'user', '2026-01-24 14:44:18'),
	(216, 'Admin', 'admin@example.com', '1234', 'admin', '2026-01-24 14:44:18'),
	(217, 'User', 'user@example.com', '1234', 'user', '2026-01-24 14:44:18'),
	(218, 'Admin', 'admin@example.com', '1234', 'admin', '2026-01-24 14:44:18'),
	(219, 'User', 'user@example.com', '1234', 'user', '2026-01-24 14:44:18'),
	(220, 'Admin', 'admin@example.com', '1234', 'admin', '2026-01-24 14:44:18'),
	(221, 'User', 'user@example.com', '1234', 'user', '2026-01-24 14:44:18'),
	(222, 'Admin', 'admin@example.com', '1234', 'admin', '2026-01-24 14:44:18'),
	(223, 'User', 'user@example.com', '1234', 'user', '2026-01-24 14:44:18'),
	(224, 'Admin', 'admin@example.com', '1234', 'admin', '2026-01-24 14:44:18'),
	(225, 'User', 'user@example.com', '1234', 'user', '2026-01-24 14:44:18'),
	(226, 'Admin', 'admin@example.com', '1234', 'admin', '2026-01-24 14:44:18'),
	(227, 'User', 'user@example.com', '1234', 'user', '2026-01-24 14:44:18'),
	(228, 'Admin', 'admin@example.com', '1234', 'admin', '2026-01-24 14:44:18'),
	(229, 'User', 'user@example.com', '1234', 'user', '2026-01-24 14:44:18'),
	(230, 'Admin', 'admin@example.com', '1234', 'admin', '2026-01-24 14:44:18'),
	(231, 'User', 'user@example.com', '1234', 'user', '2026-01-24 14:44:18'),
	(232, 'Admin', 'admin@example.com', '1234', 'admin', '2026-01-24 14:44:18'),
	(233, 'User', 'user@example.com', '1234', 'user', '2026-01-24 14:44:18'),
	(234, 'Admin', 'admin@example.com', '1234', 'admin', '2026-01-24 14:44:18'),
	(235, 'User', 'user@example.com', '1234', 'user', '2026-01-24 14:44:18'),
	(236, 'Admin', 'admin@example.com', '1234', 'admin', '2026-01-24 14:44:18'),
	(237, 'User', 'user@example.com', '1234', 'user', '2026-01-24 14:44:18'),
	(238, 'Admin', 'admin@example.com', '1234', 'admin', '2026-01-24 14:44:18'),
	(239, 'User', 'user@example.com', '1234', 'user', '2026-01-24 14:44:18'),
	(240, 'Admin', 'admin@example.com', '1234', 'admin', '2026-01-24 14:44:18'),
	(241, 'User', 'user@example.com', '1234', 'user', '2026-01-24 14:44:18'),
	(242, 'Admin', 'admin@example.com', '1234', 'admin', '2026-01-24 14:44:18'),
	(243, 'User', 'user@example.com', '1234', 'user', '2026-01-24 14:44:18'),
	(244, 'Admin', 'admin@example.com', '1234', 'admin', '2026-01-24 14:44:18'),
	(245, 'User', 'user@example.com', '1234', 'user', '2026-01-24 14:44:18'),
	(246, 'Admin', 'admin@example.com', '1234', 'admin', '2026-01-24 14:44:18'),
	(247, 'User', 'user@example.com', '1234', 'user', '2026-01-24 14:44:18'),
	(248, 'Admin', 'admin@example.com', '1234', 'admin', '2026-01-24 14:44:18'),
	(249, 'User', 'user@example.com', '1234', 'user', '2026-01-24 14:44:18'),
	(250, 'Admin', 'admin@example.com', '1234', 'admin', '2026-01-24 14:44:18'),
	(251, 'User', 'user@example.com', '1234', 'user', '2026-01-24 14:44:18'),
	(252, 'Admin', 'admin@example.com', '1234', 'admin', '2026-01-24 14:44:18'),
	(253, 'User', 'user@example.com', '1234', 'user', '2026-01-24 14:44:18'),
	(254, 'Admin', 'admin@example.com', '1234', 'admin', '2026-01-24 14:44:18'),
	(255, 'User', 'user@example.com', '1234', 'user', '2026-01-24 14:44:18'),
	(256, 'Admin', 'admin@example.com', '1234', 'admin', '2026-01-24 14:44:18'),
	(257, 'User', 'user@example.com', '1234', 'user', '2026-01-24 14:44:18'),
	(258, 'Admin', 'admin@example.com', '1234', 'admin', '2026-01-24 14:44:18'),
	(259, 'User', 'user@example.com', '1234', 'user', '2026-01-24 14:44:18'),
	(260, 'Admin', 'admin@example.com', '1234', 'admin', '2026-01-24 14:44:18'),
	(261, 'User', 'user@example.com', '1234', 'user', '2026-01-24 14:44:18'),
	(262, 'Admin', 'admin@example.com', '1234', 'admin', '2026-01-24 14:44:18'),
	(263, 'User', 'user@example.com', '1234', 'user', '2026-01-24 14:44:18'),
	(264, 'Admin', 'admin@example.com', '1234', 'admin', '2026-01-24 14:44:18'),
	(265, 'User', 'user@example.com', '1234', 'user', '2026-01-24 14:44:18'),
	(266, 'Admin', 'admin@example.com', '1234', 'admin', '2026-01-24 14:44:18'),
	(267, 'User', 'user@example.com', '1234', 'user', '2026-01-24 14:44:18'),
	(268, 'Admin', 'admin@example.com', '1234', 'admin', '2026-01-24 14:44:18'),
	(269, 'User', 'user@example.com', '1234', 'user', '2026-01-24 14:44:18'),
	(270, 'Admin', 'admin@example.com', '1234', 'admin', '2026-01-24 14:44:18'),
	(271, 'User', 'user@example.com', '1234', 'user', '2026-01-24 14:44:18'),
	(272, 'Admin', 'admin@example.com', '1234', 'admin', '2026-01-24 14:44:18'),
	(273, 'User', 'user@example.com', '1234', 'user', '2026-01-24 14:44:18'),
	(274, 'Admin', 'admin@example.com', '1234', 'admin', '2026-01-24 14:44:18'),
	(275, 'User', 'user@example.com', '1234', 'user', '2026-01-24 14:44:18'),
	(276, 'Admin', 'admin@example.com', '1234', 'admin', '2026-01-24 14:44:18'),
	(277, 'User', 'user@example.com', '1234', 'user', '2026-01-24 14:44:18'),
	(278, 'Admin', 'admin@example.com', '1234', 'admin', '2026-01-24 14:44:18'),
	(279, 'User', 'user@example.com', '1234', 'user', '2026-01-24 14:44:18'),
	(280, 'Admin', 'admin@example.com', '1234', 'admin', '2026-01-24 14:44:18'),
	(281, 'User', 'user@example.com', '1234', 'user', '2026-01-24 14:44:18'),
	(282, 'Admin', 'admin@example.com', '1234', 'admin', '2026-01-24 14:44:18'),
	(283, 'User', 'user@example.com', '1234', 'user', '2026-01-24 14:44:18'),
	(284, 'Admin', 'admin@example.com', '1234', 'admin', '2026-01-24 14:44:18'),
	(285, 'User', 'user@example.com', '1234', 'user', '2026-01-24 14:44:18'),
	(286, 'Admin', 'admin@example.com', '1234', 'admin', '2026-01-24 14:44:18'),
	(287, 'User', 'user@example.com', '1234', 'user', '2026-01-24 14:44:18'),
	(288, 'Admin', 'admin@example.com', '1234', 'admin', '2026-01-24 14:44:18'),
	(289, 'User', 'user@example.com', '1234', 'user', '2026-01-24 14:44:18'),
	(290, 'Admin', 'admin@example.com', '1234', 'admin', '2026-01-24 14:44:18'),
	(291, 'User', 'user@example.com', '1234', 'user', '2026-01-24 14:44:18'),
	(292, 'Admin', 'admin@example.com', '1234', 'admin', '2026-01-24 14:44:18'),
	(293, 'User', 'user@example.com', '1234', 'user', '2026-01-24 14:44:18'),
	(294, 'Admin', 'admin@example.com', '1234', 'admin', '2026-01-24 14:44:18'),
	(295, 'User', 'user@example.com', '1234', 'user', '2026-01-24 14:44:18'),
	(296, 'Admin', 'admin@example.com', '1234', 'admin', '2026-01-24 14:44:18'),
	(297, 'User', 'user@example.com', '1234', 'user', '2026-01-24 14:44:18'),
	(298, 'Admin', 'admin@example.com', '1234', 'admin', '2026-01-24 14:44:18'),
	(299, 'User', 'user@example.com', '1234', 'user', '2026-01-24 14:44:18'),
	(300, 'Admin', 'admin@example.com', '1234', 'admin', '2026-01-24 14:44:18'),
	(301, 'User', 'user@example.com', '1234', 'user', '2026-01-24 14:44:18'),
	(302, 'Admin', 'admin@example.com', '1234', 'admin', '2026-01-24 14:44:18'),
	(303, 'User', 'user@example.com', '1234', 'user', '2026-01-24 14:44:18'),
	(304, 'Admin', 'admin@example.com', '1234', 'admin', '2026-01-24 14:44:18'),
	(305, 'User', 'user@example.com', '1234', 'user', '2026-01-24 14:44:18'),
	(306, 'Admin', 'admin@example.com', '1234', 'admin', '2026-01-24 14:44:18'),
	(307, 'User', 'user@example.com', '1234', 'user', '2026-01-24 14:44:18'),
	(308, 'Admin', 'admin@example.com', '1234', 'admin', '2026-01-24 14:44:18'),
	(309, 'User', 'user@example.com', '1234', 'user', '2026-01-24 14:44:18'),
	(310, 'Admin', 'admin@example.com', '1234', 'admin', '2026-01-24 14:44:18'),
	(311, 'User', 'user@example.com', '1234', 'user', '2026-01-24 14:44:18'),
	(312, 'Admin', 'admin@example.com', '1234', 'admin', '2026-01-24 14:44:18'),
	(313, 'User', 'user@example.com', '1234', 'user', '2026-01-24 14:44:18'),
	(314, 'Admin', 'admin@example.com', '1234', 'admin', '2026-01-24 14:44:18'),
	(315, 'User', 'user@example.com', '1234', 'user', '2026-01-24 14:44:18'),
	(316, 'Admin', 'admin@example.com', '1234', 'admin', '2026-01-24 14:44:18'),
	(317, 'User', 'user@example.com', '1234', 'user', '2026-01-24 14:44:18'),
	(318, 'Admin', 'admin@example.com', '1234', 'admin', '2026-01-24 14:44:18'),
	(319, 'User', 'user@example.com', '1234', 'user', '2026-01-24 14:44:18'),
	(320, 'Admin', 'admin@example.com', '1234', 'admin', '2026-01-24 14:44:18'),
	(321, 'User', 'user@example.com', '1234', 'user', '2026-01-24 14:44:18'),
	(322, 'Admin', 'admin@example.com', '1234', 'admin', '2026-01-24 14:44:18'),
	(323, 'User', 'user@example.com', '1234', 'user', '2026-01-24 14:44:18'),
	(324, 'Admin', 'admin@example.com', '1234', 'admin', '2026-01-24 14:44:18'),
	(325, 'User', 'user@example.com', '1234', 'user', '2026-01-24 14:44:18'),
	(326, 'Admin', 'admin@example.com', '1234', 'admin', '2026-01-24 14:44:18'),
	(327, 'User', 'user@example.com', '1234', 'user', '2026-01-24 14:44:18'),
	(328, 'Admin', 'admin@example.com', '1234', 'admin', '2026-01-24 14:44:18'),
	(329, 'User', 'user@example.com', '1234', 'user', '2026-01-24 14:44:18'),
	(330, 'Admin', 'admin@example.com', '1234', 'admin', '2026-01-24 14:44:18'),
	(331, 'User', 'user@example.com', '1234', 'user', '2026-01-24 14:44:18'),
	(332, 'Admin', 'admin@example.com', '1234', 'admin', '2026-01-24 14:44:18'),
	(333, 'User', 'user@example.com', '1234', 'user', '2026-01-24 14:44:18'),
	(334, 'Admin', 'admin@example.com', '1234', 'admin', '2026-01-24 14:44:18'),
	(335, 'User', 'user@example.com', '1234', 'user', '2026-01-24 14:44:18'),
	(336, 'Admin', 'admin@example.com', '1234', 'admin', '2026-01-24 14:44:18'),
	(337, 'User', 'user@example.com', '1234', 'user', '2026-01-24 14:44:18'),
	(338, 'Admin', 'admin@example.com', '1234', 'admin', '2026-01-24 14:44:18'),
	(339, 'User', 'user@example.com', '1234', 'user', '2026-01-24 14:44:18'),
	(340, 'Admin', 'admin@example.com', '1234', 'admin', '2026-01-24 14:44:18'),
	(341, 'User', 'user@example.com', '1234', 'user', '2026-01-24 14:44:18'),
	(342, 'Admin', 'admin@example.com', '1234', 'admin', '2026-01-24 14:44:18'),
	(343, 'User', 'user@example.com', '1234', 'user', '2026-01-24 14:44:18'),
	(344, 'Admin', 'admin@example.com', '1234', 'admin', '2026-01-24 14:44:18'),
	(345, 'User', 'user@example.com', '1234', 'user', '2026-01-24 14:44:18'),
	(346, 'Admin', 'admin@example.com', '1234', 'admin', '2026-01-24 14:44:18'),
	(347, 'User', 'user@example.com', '1234', 'user', '2026-01-24 14:44:18'),
	(348, 'Admin', 'admin@example.com', '1234', 'admin', '2026-01-24 14:44:18'),
	(349, 'User', 'user@example.com', '1234', 'user', '2026-01-24 14:44:18'),
	(350, 'Admin', 'admin@example.com', '1234', 'admin', '2026-01-24 14:44:18'),
	(351, 'User', 'user@example.com', '1234', 'user', '2026-01-24 14:44:18'),
	(352, 'Admin', 'admin@example.com', '1234', 'admin', '2026-01-24 14:44:18'),
	(353, 'User', 'user@example.com', '1234', 'user', '2026-01-24 14:44:18'),
	(354, 'Admin', 'admin@example.com', '1234', 'admin', '2026-01-24 14:44:18'),
	(355, 'User', 'user@example.com', '1234', 'user', '2026-01-24 14:44:18'),
	(356, 'Admin', 'admin@example.com', '1234', 'admin', '2026-01-24 14:44:18'),
	(357, 'User', 'user@example.com', '1234', 'user', '2026-01-24 14:44:18'),
	(358, 'Admin', 'admin@example.com', '1234', 'admin', '2026-01-24 14:44:18'),
	(359, 'User', 'user@example.com', '1234', 'user', '2026-01-24 14:44:18'),
	(360, 'Admin', 'admin@example.com', '1234', 'admin', '2026-01-24 14:44:18'),
	(361, 'User', 'user@example.com', '1234', 'user', '2026-01-24 14:44:18'),
	(362, 'Admin', 'admin@example.com', '1234', 'admin', '2026-01-24 14:44:18'),
	(363, 'User', 'user@example.com', '1234', 'user', '2026-01-24 14:44:18'),
	(364, 'Admin', 'admin@example.com', '1234', 'admin', '2026-01-24 14:44:18'),
	(365, 'User', 'user@example.com', '1234', 'user', '2026-01-24 14:44:18'),
	(366, 'Admin', 'admin@example.com', '1234', 'admin', '2026-01-24 14:44:18'),
	(367, 'User', 'user@example.com', '1234', 'user', '2026-01-24 14:44:18'),
	(368, 'Admin', 'admin@example.com', '1234', 'admin', '2026-01-24 14:44:18'),
	(369, 'User', 'user@example.com', '1234', 'user', '2026-01-24 14:44:18'),
	(370, 'Admin', 'admin@example.com', '1234', 'admin', '2026-01-24 14:44:18'),
	(371, 'User', 'user@example.com', '1234', 'user', '2026-01-24 14:44:18'),
	(372, 'Admin', 'admin@example.com', '1234', 'admin', '2026-01-24 14:44:18'),
	(373, 'User', 'user@example.com', '1234', 'user', '2026-01-24 14:44:18'),
	(374, 'Admin', 'admin@example.com', '1234', 'admin', '2026-01-24 14:44:18'),
	(375, 'User', 'user@example.com', '1234', 'user', '2026-01-24 14:44:18'),
	(376, 'Admin', 'admin@example.com', '1234', 'admin', '2026-01-24 14:44:18'),
	(377, 'User', 'user@example.com', '1234', 'user', '2026-01-24 14:44:18'),
	(378, 'Admin', 'admin@example.com', '1234', 'admin', '2026-01-24 14:44:18'),
	(379, 'User', 'user@example.com', '1234', 'user', '2026-01-24 14:44:18'),
	(380, 'Admin', 'admin@example.com', '1234', 'admin', '2026-01-24 14:44:18'),
	(381, 'User', 'user@example.com', '1234', 'user', '2026-01-24 14:44:18'),
	(382, 'Admin', 'admin@example.com', '1234', 'admin', '2026-01-24 14:44:18'),
	(383, 'User', 'user@example.com', '1234', 'user', '2026-01-24 14:44:18'),
	(384, 'Admin', 'admin@example.com', '1234', 'admin', '2026-01-24 14:44:18'),
	(385, 'User', 'user@example.com', '1234', 'user', '2026-01-24 14:44:18'),
	(386, 'Admin', 'admin@example.com', '1234', 'admin', '2026-01-24 14:44:51'),
	(387, 'User', 'user@example.com', '1234', 'user', '2026-01-24 14:44:51'),
	(388, 'Admin', 'admin@example.com', '1234', 'admin', '2026-01-24 14:50:27'),
	(389, 'User', 'user@example.com', '1234', 'user', '2026-01-24 14:50:27'),
	(390, 'Admin', 'admin@example.com', '1234', 'admin', '2026-01-24 14:51:24'),
	(391, 'User', 'user@example.com', '1234', 'user', '2026-01-24 14:51:24'),
	(392, 'Admin', 'admin@example.com', '1234', 'admin', '2026-01-24 14:52:21'),
	(393, 'User', 'user@example.com', '1234', 'user', '2026-01-24 14:52:21'),
	(394, 'Admin', 'admin@example.com', '1234', 'admin', '2026-01-24 14:53:14'),
	(395, 'User', 'user@example.com', '1234', 'user', '2026-01-24 14:53:14'),
	(396, 'Admin', 'admin@example.com', '1234', 'admin', '2026-01-24 14:54:09'),
	(397, 'User', 'user@example.com', '1234', 'user', '2026-01-24 14:54:09'),
	(398, 'Admin', 'admin@example.com', '1234', 'admin', '2026-01-24 14:54:56'),
	(399, 'User', 'user@example.com', '1234', 'user', '2026-01-24 14:54:56'),
	(400, 'Admin', 'admin@example.com', '1234', 'admin', '2026-01-24 14:56:04'),
	(401, 'User', 'user@example.com', '1234', 'user', '2026-01-24 14:56:04'),
	(402, 'Admin', 'admin@example.com', '1234', 'admin', '2026-01-24 15:06:11'),
	(403, 'User', 'user@example.com', '1234', 'user', '2026-01-24 15:06:11'),
	(404, 'Admin', 'admin@example.com', '1234', 'admin', '2026-01-24 15:07:11'),
	(405, 'User', 'user@example.com', '1234', 'user', '2026-01-24 15:07:11'),
	(406, 'Admin', 'admin@example.com', '1234', 'admin', '2026-01-24 15:07:26'),
	(407, 'User', 'user@example.com', '1234', 'user', '2026-01-24 15:07:26'),
	(408, 'Admin', 'admin@example.com', '1234', 'admin', '2026-01-24 15:08:58'),
	(409, 'User', 'user@example.com', '1234', 'user', '2026-01-24 15:08:58'),
	(410, 'Admin', 'admin@example.com', '1234', 'admin', '2026-01-24 15:09:18'),
	(411, 'User', 'user@example.com', '1234', 'user', '2026-01-24 15:09:18'),
	(412, 'Admin', 'admin@example.com', '1234', 'admin', '2026-01-24 15:11:17'),
	(413, 'User', 'user@example.com', '1234', 'user', '2026-01-24 15:11:17'),
	(414, 'Admin', 'admin@example.com', '1234', 'admin', '2026-01-24 15:12:54'),
	(415, 'User', 'user@example.com', '1234', 'user', '2026-01-24 15:12:54'),
	(416, 'Admin', 'admin@example.com', '1234', 'admin', '2026-01-24 15:12:56'),
	(417, 'User', 'user@example.com', '1234', 'user', '2026-01-24 15:12:56'),
	(418, 'Admin', 'admin@example.com', '1234', 'admin', '2026-01-24 15:13:01'),
	(419, 'User', 'user@example.com', '1234', 'user', '2026-01-24 15:13:01'),
	(420, 'Admin', 'admin@example.com', '1234', 'admin', '2026-01-24 15:13:18'),
	(421, 'User', 'user@example.com', '1234', 'user', '2026-01-24 15:13:18'),
	(422, 'Admin', 'admin@example.com', '1234', 'admin', '2026-01-24 15:13:33'),
	(423, 'User', 'user@example.com', '1234', 'user', '2026-01-24 15:13:33'),
	(424, 'Admin', 'admin@example.com', '1234', 'admin', '2026-01-24 15:13:43'),
	(425, 'User', 'user@example.com', '1234', 'user', '2026-01-24 15:13:43'),
	(426, 'Admin', 'admin@example.com', '1234', 'admin', '2026-01-24 15:13:48'),
	(427, 'User', 'user@example.com', '1234', 'user', '2026-01-24 15:13:48'),
	(428, 'Admin', 'admin@example.com', '1234', 'admin', '2026-01-24 15:13:53'),
	(429, 'User', 'user@example.com', '1234', 'user', '2026-01-24 15:13:53'),
	(430, 'Admin', 'admin@example.com', '1234', 'admin', '2026-01-24 15:14:04'),
	(431, 'User', 'user@example.com', '1234', 'user', '2026-01-24 15:14:04'),
	(432, 'Admin', 'admin@example.com', '1234', 'admin', '2026-01-24 15:14:11'),
	(433, 'User', 'user@example.com', '1234', 'user', '2026-01-24 15:14:11'),
	(434, 'Admin', 'admin@example.com', '1234', 'admin', '2026-01-24 15:14:20'),
	(435, 'User', 'user@example.com', '1234', 'user', '2026-01-24 15:14:20'),
	(436, 'Admin', 'admin@example.com', '1234', 'admin', '2026-01-24 15:14:45'),
	(437, 'User', 'user@example.com', '1234', 'user', '2026-01-24 15:14:45'),
	(438, 'Admin', 'admin@example.com', '1234', 'admin', '2026-01-24 15:15:02'),
	(439, 'User', 'user@example.com', '1234', 'user', '2026-01-24 15:15:02'),
	(440, 'Admin', 'admin@example.com', '1234', 'admin', '2026-01-24 15:15:05'),
	(441, 'User', 'user@example.com', '1234', 'user', '2026-01-24 15:15:05'),
	(442, 'Admin', 'admin@example.com', '1234', 'admin', '2026-01-24 15:15:13'),
	(443, 'User', 'user@example.com', '1234', 'user', '2026-01-24 15:15:13'),
	(444, 'Admin', 'admin@example.com', '1234', 'admin', '2026-01-24 15:16:32'),
	(445, 'User', 'user@example.com', '1234', 'user', '2026-01-24 15:16:32'),
	(446, 'Admin', 'admin@example.com', '1234', 'admin', '2026-01-24 15:16:40'),
	(447, 'User', 'user@example.com', '1234', 'user', '2026-01-24 15:16:40'),
	(448, 'Admin', 'admin@example.com', '1234', 'admin', '2026-01-24 15:16:53'),
	(449, 'User', 'user@example.com', '1234', 'user', '2026-01-24 15:16:53'),
	(450, 'Admin', 'admin@example.com', '1234', 'admin', '2026-01-24 15:17:07'),
	(451, 'User', 'user@example.com', '1234', 'user', '2026-01-24 15:17:07'),
	(452, 'Admin', 'admin@example.com', '1234', 'admin', '2026-01-24 15:17:31'),
	(453, 'User', 'user@example.com', '1234', 'user', '2026-01-24 15:17:31'),
	(454, 'Admin', 'admin@example.com', '1234', 'admin', '2026-01-24 15:17:51'),
	(455, 'User', 'user@example.com', '1234', 'user', '2026-01-24 15:17:51'),
	(456, 'Admin', 'admin@example.com', '1234', 'admin', '2026-01-24 15:18:05'),
	(457, 'User', 'user@example.com', '1234', 'user', '2026-01-24 15:18:05'),
	(458, 'Admin', 'admin@example.com', '1234', 'admin', '2026-01-24 15:18:21'),
	(459, 'User', 'user@example.com', '1234', 'user', '2026-01-24 15:18:21'),
	(460, 'Admin', 'admin@example.com', '1234', 'admin', '2026-01-24 15:18:38'),
	(461, 'User', 'user@example.com', '1234', 'user', '2026-01-24 15:18:38'),
	(462, 'Admin', 'admin@example.com', '1234', 'admin', '2026-01-24 15:18:42'),
	(463, 'User', 'user@example.com', '1234', 'user', '2026-01-24 15:18:42'),
	(464, 'Admin', 'admin@example.com', '1234', 'admin', '2026-01-24 15:19:00'),
	(465, 'User', 'user@example.com', '1234', 'user', '2026-01-24 15:19:00'),
	(466, 'Admin', 'admin@example.com', '1234', 'admin', '2026-01-24 15:19:07'),
	(467, 'User', 'user@example.com', '1234', 'user', '2026-01-24 15:19:07'),
	(468, 'Admin', 'admin@example.com', '1234', 'admin', '2026-01-24 15:19:14'),
	(469, 'User', 'user@example.com', '1234', 'user', '2026-01-24 15:19:14'),
	(470, 'Admin', 'admin@example.com', '1234', 'admin', '2026-01-24 15:19:24'),
	(471, 'User', 'user@example.com', '1234', 'user', '2026-01-24 15:19:24'),
	(472, 'Admin', 'admin@example.com', '1234', 'admin', '2026-01-24 15:19:38'),
	(473, 'User', 'user@example.com', '1234', 'user', '2026-01-24 15:19:38'),
	(474, 'Admin', 'admin@example.com', '1234', 'admin', '2026-01-24 15:19:47'),
	(475, 'User', 'user@example.com', '1234', 'user', '2026-01-24 15:19:47'),
	(476, 'Admin', 'admin@example.com', '1234', 'admin', '2026-01-24 15:20:02'),
	(477, 'User', 'user@example.com', '1234', 'user', '2026-01-24 15:20:02'),
	(478, 'Admin', 'admin@example.com', '1234', 'admin', '2026-01-24 15:20:18'),
	(479, 'User', 'user@example.com', '1234', 'user', '2026-01-24 15:20:18'),
	(480, 'Admin', 'admin@example.com', '1234', 'admin', '2026-01-24 15:20:29'),
	(481, 'User', 'user@example.com', '1234', 'user', '2026-01-24 15:20:29'),
	(482, 'Admin', 'admin@example.com', '1234', 'admin', '2026-01-24 15:20:46'),
	(483, 'User', 'user@example.com', '1234', 'user', '2026-01-24 15:20:46'),
	(484, 'Admin', 'admin@example.com', '1234', 'admin', '2026-01-24 15:21:05'),
	(485, 'User', 'user@example.com', '1234', 'user', '2026-01-24 15:21:05'),
	(486, 'Admin', 'admin@example.com', '1234', 'admin', '2026-01-24 15:34:32'),
	(487, 'User', 'user@example.com', '1234', 'user', '2026-01-24 15:34:32'),
	(488, 'Admin', 'admin@example.com', '1234', 'admin', '2026-01-24 15:35:35'),
	(489, 'User', 'user@example.com', '1234', 'user', '2026-01-24 15:35:35'),
	(490, 'Admin', 'admin@example.com', '1234', 'admin', '2026-01-24 15:36:00'),
	(491, 'User', 'user@example.com', '1234', 'user', '2026-01-24 15:36:00'),
	(492, 'Admin', 'admin@example.com', '1234', 'admin', '2026-01-24 15:36:37'),
	(493, 'User', 'user@example.com', '1234', 'user', '2026-01-24 15:36:37'),
	(494, 'Admin', 'admin@example.com', '1234', 'admin', '2026-01-24 15:37:10'),
	(495, 'User', 'user@example.com', '1234', 'user', '2026-01-24 15:37:10'),
	(496, 'Admin', 'admin@example.com', '1234', 'admin', '2026-01-24 15:37:54'),
	(497, 'User', 'user@example.com', '1234', 'user', '2026-01-24 15:37:54'),
	(498, 'Admin', 'admin@example.com', '1234', 'admin', '2026-01-24 15:39:20'),
	(499, 'User', 'user@example.com', '1234', 'user', '2026-01-24 15:39:20'),
	(500, 'Admin', 'admin@example.com', '1234', 'admin', '2026-01-24 15:40:43'),
	(501, 'User', 'user@example.com', '1234', 'user', '2026-01-24 15:40:43'),
	(502, 'Admin', 'admin@example.com', '1234', 'admin', '2026-01-24 15:41:07'),
	(503, 'User', 'user@example.com', '1234', 'user', '2026-01-24 15:41:07'),
	(504, 'Admin', 'admin@example.com', '1234', 'admin', '2026-01-24 15:45:12'),
	(505, 'User', 'user@example.com', '1234', 'user', '2026-01-24 15:45:12'),
	(506, 'Admin', 'admin@example.com', '1234', 'admin', '2026-01-24 15:46:01'),
	(507, 'User', 'user@example.com', '1234', 'user', '2026-01-24 15:46:01'),
	(508, 'Admin', 'admin@example.com', '1234', 'admin', '2026-01-24 15:46:04'),
	(509, 'User', 'user@example.com', '1234', 'user', '2026-01-24 15:46:04'),
	(510, 'Admin', 'admin@example.com', '1234', 'admin', '2026-01-24 15:46:17'),
	(511, 'User', 'user@example.com', '1234', 'user', '2026-01-24 15:46:17'),
	(512, 'Admin', 'admin@example.com', '1234', 'admin', '2026-01-24 15:46:42'),
	(513, 'User', 'user@example.com', '1234', 'user', '2026-01-24 15:46:42'),
	(514, 'Admin', 'admin@example.com', '1234', 'admin', '2026-01-24 15:56:05'),
	(515, 'User', 'user@example.com', '1234', 'user', '2026-01-24 15:56:05'),
	(516, 'Admin', 'admin@example.com', '1234', 'admin', '2026-01-24 15:56:19'),
	(517, 'User', 'user@example.com', '1234', 'user', '2026-01-24 15:56:19'),
	(518, 'Admin', 'admin@example.com', '1234', 'admin', '2026-01-24 16:06:11'),
	(519, 'User', 'user@example.com', '1234', 'user', '2026-01-24 16:06:11'),
	(520, 'Admin', 'admin@example.com', '1234', 'admin', '2026-01-24 16:12:31'),
	(521, 'User', 'user@example.com', '1234', 'user', '2026-01-24 16:12:31'),
	(522, 'Admin', 'admin@example.com', '1234', 'admin', '2026-01-24 16:26:33'),
	(523, 'User', 'user@example.com', '1234', 'user', '2026-01-24 16:26:33'),
	(524, 'Admin', 'admin@example.com', '1234', 'admin', '2026-01-24 16:32:34'),
	(525, 'User', 'user@example.com', '1234', 'user', '2026-01-24 16:32:34'),
	(526, 'Admin', 'admin@example.com', '1234', 'admin', '2026-01-24 16:33:12'),
	(527, 'User', 'user@example.com', '1234', 'user', '2026-01-24 16:33:12'),
	(528, 'Admin', 'admin@example.com', '1234', 'admin', '2026-01-24 16:36:32'),
	(529, 'User', 'user@example.com', '1234', 'user', '2026-01-24 16:36:32'),
	(530, 'Admin', 'admin@example.com', '1234', 'admin', '2026-01-24 16:50:29'),
	(531, 'User', 'user@example.com', '1234', 'user', '2026-01-24 16:50:29'),
	(532, 'Admin', 'admin@example.com', '1234', 'admin', '2026-01-24 16:50:31'),
	(533, 'User', 'user@example.com', '1234', 'user', '2026-01-24 16:50:31'),
	(534, 'Admin', 'admin@example.com', '1234', 'admin', '2026-01-24 16:50:53'),
	(535, 'User', 'user@example.com', '1234', 'user', '2026-01-24 16:50:53'),
	(536, 'Admin', 'admin@example.com', '1234', 'admin', '2026-01-24 16:50:54'),
	(537, 'User', 'user@example.com', '1234', 'user', '2026-01-24 16:50:54'),
	(538, 'Admin', 'admin@example.com', '1234', 'admin', '2026-01-24 16:51:38'),
	(539, 'User', 'user@example.com', '1234', 'user', '2026-01-24 16:51:38'),
	(540, 'Admin', 'admin@example.com', '1234', 'admin', '2026-01-24 17:29:56'),
	(541, 'User', 'user@example.com', '1234', 'user', '2026-01-24 17:29:56'),
	(542, 'Admin', 'admin@example.com', '1234', 'admin', '2026-01-24 17:30:04'),
	(543, 'User', 'user@example.com', '1234', 'user', '2026-01-24 17:30:04'),
	(544, 'Admin', 'admin@example.com', '1234', 'admin', '2026-01-24 17:30:54'),
	(545, 'User', 'user@example.com', '1234', 'user', '2026-01-24 17:30:54'),
	(546, 'Admin', 'admin@example.com', '1234', 'admin', '2026-01-24 17:33:07'),
	(547, 'User', 'user@example.com', '1234', 'user', '2026-01-24 17:33:07'),
	(548, 'Admin', 'admin@example.com', '1234', 'admin', '2026-01-24 17:33:19'),
	(549, 'User', 'user@example.com', '1234', 'user', '2026-01-24 17:33:19'),
	(550, 'Admin', 'admin@example.com', '1234', 'admin', '2026-01-24 17:33:38'),
	(551, 'User', 'user@example.com', '1234', 'user', '2026-01-24 17:33:38'),
	(552, 'Admin', 'admin@example.com', '1234', 'admin', '2026-01-24 17:33:54'),
	(553, 'User', 'user@example.com', '1234', 'user', '2026-01-24 17:33:54'),
	(554, 'Admin', 'admin@example.com', '1234', 'admin', '2026-01-24 17:35:23'),
	(555, 'User', 'user@example.com', '1234', 'user', '2026-01-24 17:35:23'),
	(556, 'Admin', 'admin@example.com', '1234', 'admin', '2026-01-24 17:35:47'),
	(557, 'User', 'user@example.com', '1234', 'user', '2026-01-24 17:35:47'),
	(558, 'Admin', 'admin@example.com', '1234', 'admin', '2026-01-24 17:36:05'),
	(559, 'User', 'user@example.com', '1234', 'user', '2026-01-24 17:36:05'),
	(560, 'Admin', 'admin@example.com', '1234', 'admin', '2026-01-24 17:36:09'),
	(561, 'User', 'user@example.com', '1234', 'user', '2026-01-24 17:36:09'),
	(562, 'Admin', 'admin@example.com', '1234', 'admin', '2026-01-24 17:39:09'),
	(563, 'User', 'user@example.com', '1234', 'user', '2026-01-24 17:39:09'),
	(564, 'Admin', 'admin@example.com', '1234', 'admin', '2026-01-24 17:39:14'),
	(565, 'User', 'user@example.com', '1234', 'user', '2026-01-24 17:39:14'),
	(566, 'Admin', 'admin@example.com', '1234', 'admin', '2026-01-24 17:40:23'),
	(567, 'User', 'user@example.com', '1234', 'user', '2026-01-24 17:40:23'),
	(568, 'Admin', 'admin@example.com', '1234', 'admin', '2026-01-24 17:41:25'),
	(569, 'User', 'user@example.com', '1234', 'user', '2026-01-24 17:41:25'),
	(570, 'Admin', 'admin@example.com', '1234', 'admin', '2026-01-24 17:44:55'),
	(571, 'User', 'user@example.com', '1234', 'user', '2026-01-24 17:44:55'),
	(572, 'Admin', 'admin@example.com', '1234', 'admin', '2026-01-24 17:45:53'),
	(573, 'User', 'user@example.com', '1234', 'user', '2026-01-24 17:45:53'),
	(574, 'Admin', 'admin@example.com', '1234', 'admin', '2026-01-24 17:49:05'),
	(575, 'User', 'user@example.com', '1234', 'user', '2026-01-24 17:49:05'),
	(576, 'Admin', 'admin@example.com', '1234', 'admin', '2026-01-24 17:49:22'),
	(577, 'User', 'user@example.com', '1234', 'user', '2026-01-24 17:49:22'),
	(578, 'Admin', 'admin@example.com', '1234', 'admin', '2026-01-24 17:53:15'),
	(579, 'User', 'user@example.com', '1234', 'user', '2026-01-24 17:53:15'),
	(580, 'Admin', 'admin@example.com', '1234', 'admin', '2026-01-24 17:53:17'),
	(581, 'User', 'user@example.com', '1234', 'user', '2026-01-24 17:53:17'),
	(582, 'Admin', 'admin@example.com', '1234', 'admin', '2026-01-24 17:53:18'),
	(583, 'User', 'user@example.com', '1234', 'user', '2026-01-24 17:53:18'),
	(584, 'Admin', 'admin@example.com', '1234', 'admin', '2026-01-24 17:53:52'),
	(585, 'User', 'user@example.com', '1234', 'user', '2026-01-24 17:53:52'),
	(586, 'Admin', 'admin@example.com', '1234', 'admin', '2026-01-24 17:55:15'),
	(587, 'User', 'user@example.com', '1234', 'user', '2026-01-24 17:55:15'),
	(588, 'Admin', 'admin@example.com', '1234', 'admin', '2026-01-24 17:55:25'),
	(589, 'User', 'user@example.com', '1234', 'user', '2026-01-24 17:55:25'),
	(590, 'Admin', 'admin@example.com', '1234', 'admin', '2026-01-24 18:00:33'),
	(591, 'User', 'user@example.com', '1234', 'user', '2026-01-24 18:00:33'),
	(592, 'Admin', 'admin@example.com', '1234', 'admin', '2026-01-24 18:00:43'),
	(593, 'User', 'user@example.com', '1234', 'user', '2026-01-24 18:00:43'),
	(594, 'Admin', 'admin@example.com', '1234', 'admin', '2026-01-24 18:01:00'),
	(595, 'User', 'user@example.com', '1234', 'user', '2026-01-24 18:01:00'),
	(596, 'Admin', 'admin@example.com', '1234', 'admin', '2026-01-24 18:01:40'),
	(597, 'User', 'user@example.com', '1234', 'user', '2026-01-24 18:01:40'),
	(598, 'Admin', 'admin@example.com', '1234', 'admin', '2026-01-24 18:01:54'),
	(599, 'User', 'user@example.com', '1234', 'user', '2026-01-24 18:01:54'),
	(600, 'Admin', 'admin@example.com', '1234', 'admin', '2026-01-24 18:03:37'),
	(601, 'User', 'user@example.com', '1234', 'user', '2026-01-24 18:03:37'),
	(602, 'Admin', 'admin@example.com', '1234', 'admin', '2026-01-24 18:03:45'),
	(603, 'User', 'user@example.com', '1234', 'user', '2026-01-24 18:03:45'),
	(604, 'Admin', 'admin@example.com', '1234', 'admin', '2026-01-24 18:03:56'),
	(605, 'User', 'user@example.com', '1234', 'user', '2026-01-24 18:03:56'),
	(606, 'Admin', 'admin@example.com', '1234', 'admin', '2026-01-24 18:07:55'),
	(607, 'User', 'user@example.com', '1234', 'user', '2026-01-24 18:07:55'),
	(608, 'Admin', 'admin@example.com', '1234', 'admin', '2026-01-24 18:07:57'),
	(609, 'User', 'user@example.com', '1234', 'user', '2026-01-24 18:07:57'),
	(610, 'Admin', 'admin@example.com', '1234', 'admin', '2026-01-24 18:08:25'),
	(611, 'User', 'user@example.com', '1234', 'user', '2026-01-24 18:08:25'),
	(612, 'Admin', 'admin@example.com', '1234', 'admin', '2026-01-24 18:09:13'),
	(613, 'User', 'user@example.com', '1234', 'user', '2026-01-24 18:09:13'),
	(614, 'Admin', 'admin@example.com', '1234', 'admin', '2026-01-24 18:10:03'),
	(615, 'User', 'user@example.com', '1234', 'user', '2026-01-24 18:10:03'),
	(616, 'Admin', 'admin@example.com', '1234', 'admin', '2026-01-24 18:10:21'),
	(617, 'User', 'user@example.com', '1234', 'user', '2026-01-24 18:10:21'),
	(618, 'Admin', 'admin@example.com', '1234', 'admin', '2026-01-24 18:10:43'),
	(619, 'User', 'user@example.com', '1234', 'user', '2026-01-24 18:10:43'),
	(620, 'Admin', 'admin@example.com', '1234', 'admin', '2026-01-24 18:10:46'),
	(621, 'User', 'user@example.com', '1234', 'user', '2026-01-24 18:10:46'),
	(622, 'Admin', 'admin@example.com', '1234', 'admin', '2026-01-24 18:11:05'),
	(623, 'User', 'user@example.com', '1234', 'user', '2026-01-24 18:11:05'),
	(624, 'Admin', 'admin@example.com', '1234', 'admin', '2026-01-24 18:11:37'),
	(625, 'User', 'user@example.com', '1234', 'user', '2026-01-24 18:11:37'),
	(626, 'Admin', 'admin@example.com', '1234', 'admin', '2026-01-24 18:12:20'),
	(627, 'User', 'user@example.com', '1234', 'user', '2026-01-24 18:12:20'),
	(628, 'Admin', 'admin@example.com', '1234', 'admin', '2026-01-24 18:12:20'),
	(629, 'User', 'user@example.com', '1234', 'user', '2026-01-24 18:12:20'),
	(630, 'Admin', 'admin@example.com', '1234', 'admin', '2026-01-24 18:12:45'),
	(631, 'User', 'user@example.com', '1234', 'user', '2026-01-24 18:12:45'),
	(632, 'Admin', 'admin@example.com', '1234', 'admin', '2026-01-24 18:13:03'),
	(633, 'User', 'user@example.com', '1234', 'user', '2026-01-24 18:13:03'),
	(634, 'Admin', 'admin@example.com', '1234', 'admin', '2026-01-24 18:13:22'),
	(635, 'User', 'user@example.com', '1234', 'user', '2026-01-24 18:13:22'),
	(636, 'Admin', 'admin@example.com', '1234', 'admin', '2026-01-24 18:22:17'),
	(637, 'User', 'user@example.com', '1234', 'user', '2026-01-24 18:22:17'),
	(638, 'Admin', 'admin@example.com', '1234', 'admin', '2026-01-24 18:22:28'),
	(639, 'User', 'user@example.com', '1234', 'user', '2026-01-24 18:22:28'),
	(640, 'Admin', 'admin@example.com', '1234', 'admin', '2026-01-24 18:24:23'),
	(641, 'User', 'user@example.com', '1234', 'user', '2026-01-24 18:24:23'),
	(642, 'Admin', 'admin@example.com', '1234', 'admin', '2026-01-24 18:24:47'),
	(643, 'User', 'user@example.com', '1234', 'user', '2026-01-24 18:24:47'),
	(644, 'Admin', 'admin@example.com', '1234', 'admin', '2026-01-24 18:25:22'),
	(645, 'User', 'user@example.com', '1234', 'user', '2026-01-24 18:25:22'),
	(646, 'Admin', 'admin@example.com', '1234', 'admin', '2026-01-24 18:25:29'),
	(647, 'User', 'user@example.com', '1234', 'user', '2026-01-24 18:25:29'),
	(648, 'Admin', 'admin@example.com', '1234', 'admin', '2026-01-24 18:25:57'),
	(649, 'User', 'user@example.com', '1234', 'user', '2026-01-24 18:25:57'),
	(650, 'Admin', 'admin@example.com', '1234', 'admin', '2026-01-24 18:26:17'),
	(651, 'User', 'user@example.com', '1234', 'user', '2026-01-24 18:26:17'),
	(652, 'Admin', 'admin@example.com', '1234', 'admin', '2026-01-24 18:26:24'),
	(653, 'User', 'user@example.com', '1234', 'user', '2026-01-24 18:26:24'),
	(654, 'Admin', 'admin@example.com', '1234', 'admin', '2026-01-24 18:26:36'),
	(655, 'User', 'user@example.com', '1234', 'user', '2026-01-24 18:26:36'),
	(656, 'Admin', 'admin@example.com', '1234', 'admin', '2026-01-24 18:27:23'),
	(657, 'User', 'user@example.com', '1234', 'user', '2026-01-24 18:27:23'),
	(658, 'Admin', 'admin@example.com', '1234', 'admin', '2026-01-24 18:27:30'),
	(659, 'User', 'user@example.com', '1234', 'user', '2026-01-24 18:27:30'),
	(660, 'Admin', 'admin@example.com', '1234', 'admin', '2026-01-24 18:28:13'),
	(661, 'User', 'user@example.com', '1234', 'user', '2026-01-24 18:28:13'),
	(662, 'Admin', 'admin@example.com', '1234', 'admin', '2026-01-24 18:28:14'),
	(663, 'User', 'user@example.com', '1234', 'user', '2026-01-24 18:28:14'),
	(664, 'Admin', 'admin@example.com', '1234', 'admin', '2026-01-24 18:30:26'),
	(665, 'User', 'user@example.com', '1234', 'user', '2026-01-24 18:30:26'),
	(666, 'Admin', 'admin@example.com', '1234', 'admin', '2026-01-24 18:30:29'),
	(667, 'User', 'user@example.com', '1234', 'user', '2026-01-24 18:30:29'),
	(668, 'Admin', 'admin@example.com', '1234', 'admin', '2026-01-24 18:31:27'),
	(669, 'User', 'user@example.com', '1234', 'user', '2026-01-24 18:31:27'),
	(670, 'Admin', 'admin@example.com', '1234', 'admin', '2026-01-24 18:31:40'),
	(671, 'User', 'user@example.com', '1234', 'user', '2026-01-24 18:31:40'),
	(672, 'Admin', 'admin@example.com', '1234', 'admin', '2026-01-24 18:31:48'),
	(673, 'User', 'user@example.com', '1234', 'user', '2026-01-24 18:31:48'),
	(674, 'Admin', 'admin@example.com', '1234', 'admin', '2026-01-24 18:31:55'),
	(675, 'User', 'user@example.com', '1234', 'user', '2026-01-24 18:31:55'),
	(676, 'Admin', 'admin@example.com', '1234', 'admin', '2026-01-24 18:34:12'),
	(677, 'User', 'user@example.com', '1234', 'user', '2026-01-24 18:34:12'),
	(678, 'Admin', 'admin@example.com', '1234', 'admin', '2026-01-24 18:34:16'),
	(679, 'User', 'user@example.com', '1234', 'user', '2026-01-24 18:34:16'),
	(680, 'Admin', 'admin@example.com', '1234', 'admin', '2026-01-24 18:35:06'),
	(681, 'User', 'user@example.com', '1234', 'user', '2026-01-24 18:35:06'),
	(682, 'Admin', 'admin@example.com', '1234', 'admin', '2026-01-24 18:35:43'),
	(683, 'User', 'user@example.com', '1234', 'user', '2026-01-24 18:35:43'),
	(684, 'Admin', 'admin@example.com', '1234', 'admin', '2026-01-24 18:35:54'),
	(685, 'User', 'user@example.com', '1234', 'user', '2026-01-24 18:35:54'),
	(686, 'Admin', 'admin@example.com', '1234', 'admin', '2026-01-24 18:37:12'),
	(687, 'User', 'user@example.com', '1234', 'user', '2026-01-24 18:37:12'),
	(688, 'Admin', 'admin@example.com', '1234', 'admin', '2026-01-24 18:37:24'),
	(689, 'User', 'user@example.com', '1234', 'user', '2026-01-24 18:37:24'),
	(690, 'Admin', 'admin@example.com', '1234', 'admin', '2026-01-24 18:41:17'),
	(691, 'User', 'user@example.com', '1234', 'user', '2026-01-24 18:41:17'),
	(692, 'Admin', 'admin@example.com', '1234', 'admin', '2026-01-24 18:41:19'),
	(693, 'User', 'user@example.com', '1234', 'user', '2026-01-24 18:41:19'),
	(694, 'Admin', 'admin@example.com', '1234', 'admin', '2026-01-24 18:41:25'),
	(695, 'User', 'user@example.com', '1234', 'user', '2026-01-24 18:41:25'),
	(696, 'Admin', 'admin@example.com', '1234', 'admin', '2026-01-24 18:41:46'),
	(697, 'User', 'user@example.com', '1234', 'user', '2026-01-24 18:41:46'),
	(698, 'Admin', 'admin@example.com', '1234', 'admin', '2026-01-24 18:41:50'),
	(699, 'User', 'user@example.com', '1234', 'user', '2026-01-24 18:41:50'),
	(700, 'Admin', 'admin@example.com', '1234', 'admin', '2026-01-24 18:44:17'),
	(701, 'User', 'user@example.com', '1234', 'user', '2026-01-24 18:44:17'),
	(702, 'Admin', 'admin@example.com', '1234', 'admin', '2026-01-24 18:44:20'),
	(703, 'User', 'user@example.com', '1234', 'user', '2026-01-24 18:44:20'),
	(704, 'Admin', 'admin@example.com', '1234', 'admin', '2026-01-24 18:45:02'),
	(705, 'User', 'user@example.com', '1234', 'user', '2026-01-24 18:45:02'),
	(706, 'Admin', 'admin@example.com', '1234', 'admin', '2026-01-24 18:45:13'),
	(707, 'User', 'user@example.com', '1234', 'user', '2026-01-24 18:45:13'),
	(708, 'Admin', 'admin@example.com', '1234', 'admin', '2026-01-24 18:47:21'),
	(709, 'User', 'user@example.com', '1234', 'user', '2026-01-24 18:47:21'),
	(710, 'Admin', 'admin@example.com', '1234', 'admin', '2026-01-24 18:47:24'),
	(711, 'User', 'user@example.com', '1234', 'user', '2026-01-24 18:47:24'),
	(712, 'Admin', 'admin@example.com', '1234', 'admin', '2026-01-24 18:48:31'),
	(713, 'User', 'user@example.com', '1234', 'user', '2026-01-24 18:48:31'),
	(714, 'Admin', 'admin@example.com', '1234', 'admin', '2026-01-24 18:48:43'),
	(715, 'User', 'user@example.com', '1234', 'user', '2026-01-24 18:48:43'),
	(716, 'Admin', 'admin@example.com', '1234', 'admin', '2026-01-24 18:49:38'),
	(717, 'User', 'user@example.com', '1234', 'user', '2026-01-24 18:49:38'),
	(718, 'Admin', 'admin@example.com', '1234', 'admin', '2026-01-24 18:49:41'),
	(719, 'User', 'user@example.com', '1234', 'user', '2026-01-24 18:49:41'),
	(720, 'Admin', 'admin@example.com', '1234', 'admin', '2026-01-24 18:53:47'),
	(721, 'User', 'user@example.com', '1234', 'user', '2026-01-24 18:53:47'),
	(722, 'Admin', 'admin@example.com', '1234', 'admin', '2026-01-24 18:54:22'),
	(723, 'User', 'user@example.com', '1234', 'user', '2026-01-24 18:54:22'),
	(724, 'Admin', 'admin@example.com', '1234', 'admin', '2026-01-24 18:54:55'),
	(725, 'User', 'user@example.com', '1234', 'user', '2026-01-24 18:54:55'),
	(726, 'Admin', 'admin@example.com', '1234', 'admin', '2026-01-24 18:55:14'),
	(727, 'User', 'user@example.com', '1234', 'user', '2026-01-24 18:55:14'),
	(728, 'Admin', 'admin@example.com', '1234', 'admin', '2026-01-24 18:55:42'),
	(729, 'User', 'user@example.com', '1234', 'user', '2026-01-24 18:55:42'),
	(730, 'Admin', 'admin@example.com', '1234', 'admin', '2026-01-24 18:57:38'),
	(731, 'User', 'user@example.com', '1234', 'user', '2026-01-24 18:57:38'),
	(732, 'Admin', 'admin@example.com', '1234', 'admin', '2026-01-24 18:57:39'),
	(733, 'User', 'user@example.com', '1234', 'user', '2026-01-24 18:57:39'),
	(734, 'Admin', 'admin@example.com', '1234', 'admin', '2026-01-24 18:57:55'),
	(735, 'User', 'user@example.com', '1234', 'user', '2026-01-24 18:57:55'),
	(736, 'Admin', 'admin@example.com', '1234', 'admin', '2026-01-24 19:00:38'),
	(737, 'User', 'user@example.com', '1234', 'user', '2026-01-24 19:00:38'),
	(738, 'Admin', 'admin@example.com', '1234', 'admin', '2026-01-24 19:00:39'),
	(739, 'User', 'user@example.com', '1234', 'user', '2026-01-24 19:00:39'),
	(740, 'Admin', 'admin@example.com', '1234', 'admin', '2026-01-24 19:00:52'),
	(741, 'User', 'user@example.com', '1234', 'user', '2026-01-24 19:00:52'),
	(742, 'Admin', 'admin@example.com', '1234', 'admin', '2026-01-24 19:00:54'),
	(743, 'User', 'user@example.com', '1234', 'user', '2026-01-24 19:00:54'),
	(744, 'Admin', 'admin@example.com', '1234', 'admin', '2026-01-24 19:02:16'),
	(745, 'User', 'user@example.com', '1234', 'user', '2026-01-24 19:02:16'),
	(746, 'Admin', 'admin@example.com', '1234', 'admin', '2026-01-24 19:02:20'),
	(747, 'User', 'user@example.com', '1234', 'user', '2026-01-24 19:02:20'),
	(748, 'Admin', 'admin@example.com', '1234', 'admin', '2026-01-24 19:02:31'),
	(749, 'User', 'user@example.com', '1234', 'user', '2026-01-24 19:02:31'),
	(750, 'Admin', 'admin@example.com', '1234', 'admin', '2026-01-24 19:02:33'),
	(751, 'User', 'user@example.com', '1234', 'user', '2026-01-24 19:02:33'),
	(752, 'Admin', 'admin@example.com', '1234', 'admin', '2026-01-24 19:02:42'),
	(753, 'User', 'user@example.com', '1234', 'user', '2026-01-24 19:02:42'),
	(754, 'Admin', 'admin@example.com', '1234', 'admin', '2026-01-24 19:05:42'),
	(755, 'User', 'user@example.com', '1234', 'user', '2026-01-24 19:05:42'),
	(756, 'Admin', 'admin@example.com', '1234', 'admin', '2026-01-24 19:05:58'),
	(757, 'User', 'user@example.com', '1234', 'user', '2026-01-24 19:05:58'),
	(758, 'Admin', 'admin@example.com', '1234', 'admin', '2026-01-24 19:06:35'),
	(759, 'User', 'user@example.com', '1234', 'user', '2026-01-24 19:06:35'),
	(760, 'Admin', 'admin@example.com', '1234', 'admin', '2026-01-24 19:12:29'),
	(761, 'User', 'user@example.com', '1234', 'user', '2026-01-24 19:12:29'),
	(762, 'Admin', 'admin@example.com', '1234', 'admin', '2026-01-24 19:20:00'),
	(763, 'User', 'user@example.com', '1234', 'user', '2026-01-24 19:20:00'),
	(764, 'Admin', 'admin@example.com', '1234', 'admin', '2026-01-24 19:20:22'),
	(765, 'User', 'user@example.com', '1234', 'user', '2026-01-24 19:20:22'),
	(766, 'Admin', 'admin@example.com', '1234', 'admin', '2026-01-24 19:23:24'),
	(767, 'User', 'user@example.com', '1234', 'user', '2026-01-24 19:23:24'),
	(768, 'Admin', 'admin@example.com', '1234', 'admin', '2026-01-24 19:23:30'),
	(769, 'User', 'user@example.com', '1234', 'user', '2026-01-24 19:23:30'),
	(770, 'Admin', 'admin@example.com', '1234', 'admin', '2026-01-24 19:23:34'),
	(771, 'User', 'user@example.com', '1234', 'user', '2026-01-24 19:23:34'),
	(772, 'Admin', 'admin@example.com', '1234', 'admin', '2026-01-24 19:23:42'),
	(773, 'User', 'user@example.com', '1234', 'user', '2026-01-24 19:23:42'),
	(774, 'Admin', 'admin@example.com', '1234', 'admin', '2026-01-24 19:23:48'),
	(775, 'User', 'user@example.com', '1234', 'user', '2026-01-24 19:23:48'),
	(776, 'Admin', 'admin@example.com', '1234', 'admin', '2026-01-24 19:23:56'),
	(777, 'User', 'user@example.com', '1234', 'user', '2026-01-24 19:23:56'),
	(778, 'Admin', 'admin@example.com', '1234', 'admin', '2026-01-24 19:25:56'),
	(779, 'User', 'user@example.com', '1234', 'user', '2026-01-24 19:25:56'),
	(780, 'Admin', 'admin@example.com', '1234', 'admin', '2026-01-24 19:26:13'),
	(781, 'User', 'user@example.com', '1234', 'user', '2026-01-24 19:26:13'),
	(782, 'Admin', 'admin@example.com', '1234', 'admin', '2026-01-24 19:27:16'),
	(783, 'User', 'user@example.com', '1234', 'user', '2026-01-24 19:27:16'),
	(784, 'Admin', 'admin@example.com', '1234', 'admin', '2026-01-24 19:27:18'),
	(785, 'User', 'user@example.com', '1234', 'user', '2026-01-24 19:27:18'),
	(786, 'Admin', 'admin@example.com', '1234', 'admin', '2026-01-24 19:27:23'),
	(787, 'User', 'user@example.com', '1234', 'user', '2026-01-24 19:27:23'),
	(788, 'Admin', 'admin@example.com', '1234', 'admin', '2026-01-24 19:27:26'),
	(789, 'User', 'user@example.com', '1234', 'user', '2026-01-24 19:27:26'),
	(790, 'Admin', 'admin@example.com', '1234', 'admin', '2026-01-24 19:28:43'),
	(791, 'User', 'user@example.com', '1234', 'user', '2026-01-24 19:28:43'),
	(792, 'Admin', 'admin@example.com', '1234', 'admin', '2026-01-24 19:28:45'),
	(793, 'User', 'user@example.com', '1234', 'user', '2026-01-24 19:28:45'),
	(794, 'Admin', 'admin@example.com', '1234', 'admin', '2026-01-24 19:28:49'),
	(795, 'User', 'user@example.com', '1234', 'user', '2026-01-24 19:28:49'),
	(796, 'Admin', 'admin@example.com', '1234', 'admin', '2026-01-24 19:28:55'),
	(797, 'User', 'user@example.com', '1234', 'user', '2026-01-24 19:28:55'),
	(798, 'Admin', 'admin@example.com', '1234', 'admin', '2026-01-24 19:30:36'),
	(799, 'User', 'user@example.com', '1234', 'user', '2026-01-24 19:30:36'),
	(800, 'Admin', 'admin@example.com', '1234', 'admin', '2026-01-24 19:30:45'),
	(801, 'User', 'user@example.com', '1234', 'user', '2026-01-24 19:30:45'),
	(802, 'Admin', 'admin@example.com', '1234', 'admin', '2026-01-24 19:30:47'),
	(803, 'User', 'user@example.com', '1234', 'user', '2026-01-24 19:30:47'),
	(804, 'Admin', 'admin@example.com', '1234', 'admin', '2026-01-24 19:34:48'),
	(805, 'User', 'user@example.com', '1234', 'user', '2026-01-24 19:34:48'),
	(806, 'Admin', 'admin@example.com', '1234', 'admin', '2026-01-24 19:34:59'),
	(807, 'User', 'user@example.com', '1234', 'user', '2026-01-24 19:34:59'),
	(808, 'Admin', 'admin@example.com', '1234', 'admin', '2026-01-24 19:35:00'),
	(809, 'User', 'user@example.com', '1234', 'user', '2026-01-24 19:35:00'),
	(810, 'Admin', 'admin@example.com', '1234', 'admin', '2026-01-24 19:35:02'),
	(811, 'User', 'user@example.com', '1234', 'user', '2026-01-24 19:35:02'),
	(812, 'Admin', 'admin@example.com', '1234', 'admin', '2026-01-24 19:37:48'),
	(813, 'User', 'user@example.com', '1234', 'user', '2026-01-24 19:37:48'),
	(814, 'Admin', 'admin@example.com', '1234', 'admin', '2026-01-24 19:37:54'),
	(815, 'User', 'user@example.com', '1234', 'user', '2026-01-24 19:37:54'),
	(816, 'Admin', 'admin@example.com', '1234', 'admin', '2026-01-24 19:39:47'),
	(817, 'User', 'user@example.com', '1234', 'user', '2026-01-24 19:39:47'),
	(818, 'Admin', 'admin@example.com', '1234', 'admin', '2026-01-24 19:39:52'),
	(819, 'User', 'user@example.com', '1234', 'user', '2026-01-24 19:39:52'),
	(820, 'Admin', 'admin@example.com', '1234', 'admin', '2026-01-24 19:39:53'),
	(821, 'User', 'user@example.com', '1234', 'user', '2026-01-24 19:39:53'),
	(822, 'Admin', 'admin@example.com', '1234', 'admin', '2026-01-24 19:39:54'),
	(823, 'User', 'user@example.com', '1234', 'user', '2026-01-24 19:39:54'),
	(824, 'Admin', 'admin@example.com', '1234', 'admin', '2026-01-24 19:40:05'),
	(825, 'User', 'user@example.com', '1234', 'user', '2026-01-24 19:40:05'),
	(826, 'Admin', 'admin@example.com', '1234', 'admin', '2026-01-24 19:41:17'),
	(827, 'User', 'user@example.com', '1234', 'user', '2026-01-24 19:41:17'),
	(828, 'Admin', 'admin@example.com', '1234', 'admin', '2026-01-24 19:41:28'),
	(829, 'User', 'user@example.com', '1234', 'user', '2026-01-24 19:41:28'),
	(830, 'Admin', 'admin@example.com', '1234', 'admin', '2026-01-24 19:42:00'),
	(831, 'User', 'user@example.com', '1234', 'user', '2026-01-24 19:42:00'),
	(832, 'Admin', 'admin@example.com', '1234', 'admin', '2026-01-24 19:42:02'),
	(833, 'User', 'user@example.com', '1234', 'user', '2026-01-24 19:42:02'),
	(834, 'Admin', 'admin@example.com', '1234', 'admin', '2026-01-24 19:42:08'),
	(835, 'User', 'user@example.com', '1234', 'user', '2026-01-24 19:42:08'),
	(836, 'Admin', 'admin@example.com', '1234', 'admin', '2026-01-24 19:42:17'),
	(837, 'User', 'user@example.com', '1234', 'user', '2026-01-24 19:42:17'),
	(838, 'Admin', 'admin@example.com', '1234', 'admin', '2026-01-24 19:46:15'),
	(839, 'User', 'user@example.com', '1234', 'user', '2026-01-24 19:46:15'),
	(840, 'Admin', 'admin@example.com', '1234', 'admin', '2026-01-24 19:46:29'),
	(841, 'User', 'user@example.com', '1234', 'user', '2026-01-24 19:46:29'),
	(842, 'Admin', 'admin@example.com', '1234', 'admin', '2026-01-24 19:46:29'),
	(843, 'User', 'user@example.com', '1234', 'user', '2026-01-24 19:46:29'),
	(844, 'Admin', 'admin@example.com', '1234', 'admin', '2026-01-24 19:46:34'),
	(845, 'User', 'user@example.com', '1234', 'user', '2026-01-24 19:46:34'),
	(846, 'Admin', 'admin@example.com', '1234', 'admin', '2026-01-24 19:46:35'),
	(847, 'User', 'user@example.com', '1234', 'user', '2026-01-24 19:46:35'),
	(848, 'Admin', 'admin@example.com', '1234', 'admin', '2026-01-24 19:47:05'),
	(849, 'User', 'user@example.com', '1234', 'user', '2026-01-24 19:47:05'),
	(850, 'Admin', 'admin@example.com', '1234', 'admin', '2026-01-24 19:47:19'),
	(851, 'User', 'user@example.com', '1234', 'user', '2026-01-24 19:47:19'),
	(852, 'Admin', 'admin@example.com', '1234', 'admin', '2026-01-24 19:47:53'),
	(853, 'User', 'user@example.com', '1234', 'user', '2026-01-24 19:47:53'),
	(854, 'Admin', 'admin@example.com', '1234', 'admin', '2026-01-24 19:47:54'),
	(855, 'User', 'user@example.com', '1234', 'user', '2026-01-24 19:47:54'),
	(856, 'Admin', 'admin@example.com', '1234', 'admin', '2026-01-24 19:47:55'),
	(857, 'User', 'user@example.com', '1234', 'user', '2026-01-24 19:47:55'),
	(858, 'Admin', 'admin@example.com', '1234', 'admin', '2026-01-24 19:47:57'),
	(859, 'User', 'user@example.com', '1234', 'user', '2026-01-24 19:47:57'),
	(860, 'Admin', 'admin@example.com', '1234', 'admin', '2026-01-24 19:49:18'),
	(861, 'User', 'user@example.com', '1234', 'user', '2026-01-24 19:49:18'),
	(862, 'Admin', 'admin@example.com', '1234', 'admin', '2026-01-24 19:49:19'),
	(863, 'User', 'user@example.com', '1234', 'user', '2026-01-24 19:49:19'),
	(864, 'Admin', 'admin@example.com', '1234', 'admin', '2026-01-24 19:49:20'),
	(865, 'User', 'user@example.com', '1234', 'user', '2026-01-24 19:49:20'),
	(866, 'Admin', 'admin@example.com', '1234', 'admin', '2026-01-24 19:49:32'),
	(867, 'User', 'user@example.com', '1234', 'user', '2026-01-24 19:49:32'),
	(868, 'Admin', 'admin@example.com', '1234', 'admin', '2026-01-24 19:49:38'),
	(869, 'User', 'user@example.com', '1234', 'user', '2026-01-24 19:49:38'),
	(870, 'Admin', 'admin@example.com', '1234', 'admin', '2026-01-24 19:49:46'),
	(871, 'User', 'user@example.com', '1234', 'user', '2026-01-24 19:49:46'),
	(872, 'Admin', 'admin@example.com', '1234', 'admin', '2026-01-24 19:49:47'),
	(873, 'User', 'user@example.com', '1234', 'user', '2026-01-24 19:49:47'),
	(874, 'Admin', 'admin@example.com', '1234', 'admin', '2026-01-24 19:54:48'),
	(875, 'User', 'user@example.com', '1234', 'user', '2026-01-24 19:54:48'),
	(876, 'Admin', 'admin@example.com', '1234', 'admin', '2026-01-24 19:54:50'),
	(877, 'User', 'user@example.com', '1234', 'user', '2026-01-24 19:54:50'),
	(878, 'Admin', 'admin@example.com', '1234', 'admin', '2026-01-24 19:55:13'),
	(879, 'User', 'user@example.com', '1234', 'user', '2026-01-24 19:55:13'),
	(880, 'Admin', 'admin@example.com', '1234', 'admin', '2026-01-24 19:55:15'),
	(881, 'User', 'user@example.com', '1234', 'user', '2026-01-24 19:55:15'),
	(882, 'Admin', 'admin@example.com', '1234', 'admin', '2026-01-24 19:55:16'),
	(883, 'User', 'user@example.com', '1234', 'user', '2026-01-24 19:55:16'),
	(884, 'Admin', 'admin@example.com', '1234', 'admin', '2026-01-24 19:55:17'),
	(885, 'User', 'user@example.com', '1234', 'user', '2026-01-24 19:55:17'),
	(886, 'Admin', 'admin@example.com', '1234', 'admin', '2026-01-24 19:55:19'),
	(887, 'User', 'user@example.com', '1234', 'user', '2026-01-24 19:55:19'),
	(888, 'Admin', 'admin@example.com', '1234', 'admin', '2026-01-24 19:55:21'),
	(889, 'User', 'user@example.com', '1234', 'user', '2026-01-24 19:55:21'),
	(890, 'Admin', 'admin@example.com', '1234', 'admin', '2026-01-24 19:55:40'),
	(891, 'User', 'user@example.com', '1234', 'user', '2026-01-24 19:55:40'),
	(892, 'Admin', 'admin@example.com', '1234', 'admin', '2026-01-24 19:55:40'),
	(893, 'User', 'user@example.com', '1234', 'user', '2026-01-24 19:55:40'),
	(894, 'Admin', 'admin@example.com', '1234', 'admin', '2026-01-24 19:55:42'),
	(895, 'User', 'user@example.com', '1234', 'user', '2026-01-24 19:55:42'),
	(896, 'Admin', 'admin@example.com', '1234', 'admin', '2026-01-25 02:48:27'),
	(897, 'User', 'user@example.com', '1234', 'user', '2026-01-25 02:48:27'),
	(898, 'Admin', 'admin@example.com', '1234', 'admin', '2026-01-25 05:11:50'),
	(899, 'User', 'user@example.com', '1234', 'user', '2026-01-25 05:11:50'),
	(900, 'Admin', 'admin@example.com', '1234', 'admin', '2026-01-25 07:47:23'),
	(901, 'User', 'user@example.com', '1234', 'user', '2026-01-25 07:47:23'),
	(902, 'kitti', '1@gmail.com', '1234', 'user', '2026-01-25 07:51:44'),
	(903, 'Admin', 'admin@example.com', '1234', 'admin', '2026-01-25 08:14:23'),
	(904, 'User', 'user@example.com', '1234', 'user', '2026-01-25 08:14:23'),
	(905, 'Admin', 'admin@example.com', '1234', 'admin', '2026-01-25 08:15:21'),
	(906, 'User', 'user@example.com', '1234', 'user', '2026-01-25 08:15:21'),
	(907, 'Admin', 'admin@example.com', '1234', 'admin', '2026-01-25 08:15:21'),
	(908, 'User', 'user@example.com', '1234', 'user', '2026-01-25 08:15:21'),
	(909, 'Admin', 'admin@example.com', '1234', 'admin', '2026-01-25 15:02:22'),
	(910, 'User', 'user@example.com', '1234', 'user', '2026-01-25 15:02:22'),
	(911, 'Admin', 'admin@example.com', '1234', 'admin', '2026-01-25 16:04:43'),
	(912, 'User', 'user@example.com', '1234', 'user', '2026-01-25 16:04:43'),
	(913, 'Admin', 'admin@example.com', '1234', 'admin', '2026-01-26 01:07:46'),
	(914, 'User', 'user@example.com', '1234', 'user', '2026-01-26 01:07:46');

-- Dumping structure for table projectweb.user_sessions
CREATE TABLE IF NOT EXISTS `user_sessions` (
  `session_id` varchar(255) NOT NULL,
  `user_id` int(11) NOT NULL,
  `name` varchar(255) DEFAULT NULL,
  `role` varchar(20) NOT NULL,
  `created_at` timestamp NULL DEFAULT current_timestamp(),
  `last_seen` timestamp NULL DEFAULT current_timestamp() ON UPDATE current_timestamp(),
  PRIMARY KEY (`session_id`)
) ENGINE=InnoDB DEFAULT CHARSET=utf8mb4 COLLATE=utf8mb4_uca1400_ai_ci;

-- Dumping data for table projectweb.user_sessions: ~49 rows (approximately)
DELETE FROM `user_sessions`;
INSERT INTO `user_sessions` (`session_id`, `user_id`, `name`, `role`, `created_at`, `last_seen`) VALUES
	('0qsxhh', 1, 'Admin', 'admin', '2026-01-24 14:55:32', '2026-01-24 14:55:32'),
	('16klhh', 1, 'Admin', 'admin', '2026-01-24 18:51:23', '2026-01-24 18:51:23'),
	('21p9d', 2, 'User', 'user', '2026-01-24 17:31:22', '2026-01-24 17:31:22'),
	('2ennkuh', 1, 'Admin', 'admin', '2026-01-24 19:27:51', '2026-01-24 19:27:51'),
	('35w5t', 2, 'User', 'user', '2026-01-24 15:24:32', '2026-01-24 15:24:32'),
	('3jf9nv', 9, 'kittisak1', 'user', '2026-01-24 19:03:04', '2026-01-24 19:03:04'),
	('5q2nq9', 9, 'kittisak1', 'user', '2026-01-24 18:55:00', '2026-01-24 18:55:00'),
	('5smh5', 9, 'kittisak1', 'user', '2026-01-25 08:14:47', '2026-01-25 08:14:47'),
	('6okrz9', 2, 'User', 'user', '2026-01-24 16:52:46', '2026-01-24 16:52:46'),
	('8svka5', 2, 'User', 'user', '2026-01-24 16:37:52', '2026-01-24 16:37:52'),
	('9cou6n', 2, 'User', 'user', '2026-01-25 08:13:20', '2026-01-25 08:13:20'),
	('9izqs7', 9, 'kittisak1', 'user', '2026-01-24 18:07:55', '2026-01-24 18:07:55'),
	('9nqv6', 1, 'Admin', 'admin', '2026-01-24 16:31:50', '2026-01-24 16:31:50'),
	('9zwpm', 1, 'Admin', 'admin', '2026-01-24 14:20:26', '2026-01-24 14:20:26'),
	('afu5du', 2, 'User', 'user', '2026-01-24 16:10:50', '2026-01-24 16:10:50'),
	('bx4dr', 9, 'kittisak1', 'user', '2026-01-24 17:55:57', '2026-01-24 17:55:57'),
	('cb5ozjl', 1, 'Admin', 'admin', '2026-01-24 15:19:02', '2026-01-24 15:19:02'),
	('ccq1j2', 9, 'kittisak1', 'user', '2026-01-24 18:19:53', '2026-01-24 18:19:53'),
	('d9oq', 2, 'User', 'user', '2026-01-24 19:26:41', '2026-01-24 19:26:41'),
	('ebsnc', 2, 'User', 'user', '2026-01-25 02:49:14', '2026-01-25 02:49:14'),
	('ef9dq9', 1, 'Admin', 'admin', '2026-01-24 15:35:41', '2026-01-24 15:35:41'),
	('euv9w', 1, 'Admin', 'admin', '2026-01-24 14:55:46', '2026-01-24 14:55:46'),
	('gzjjh5', 9, 'kittisak1', 'user', '2026-01-24 19:13:26', '2026-01-24 19:13:26'),
	('hi4rsr', 1, 'Admin', 'admin', '2026-01-24 18:57:23', '2026-01-24 18:57:23'),
	('hjlpa', 9, 'kittisak1', 'user', '2026-01-24 18:08:46', '2026-01-24 18:08:46'),
	('ispnce', 1, 'Admin', 'admin', '2026-01-24 19:14:31', '2026-01-24 19:14:31'),
	('isru79', 2, 'User', 'user', '2026-01-25 07:47:41', '2026-01-25 07:47:41'),
	('k77ytn', 2, 'User', 'user', '2026-01-24 18:50:15', '2026-01-24 18:50:15'),
	('l5z6js', 1, 'Admin', 'admin', '2026-01-24 15:20:34', '2026-01-24 15:20:34'),
	('pb8ovg', 9, 'kittisak1', 'user', '2026-01-24 18:58:31', '2026-01-24 18:58:31'),
	('pjt8f', 9, 'kittisak1', 'user', '2026-01-25 15:04:17', '2026-01-25 15:04:17'),
	('ppgtk', 2, 'User', 'user', '2026-01-24 19:21:27', '2026-01-24 19:21:27'),
	('q9yyz9', 1, 'Admin', 'admin', '2026-01-24 18:37:10', '2026-01-24 18:37:10'),
	('qbdjna', 2, 'User', 'user', '2026-01-24 19:55:09', '2026-01-24 19:55:09'),
	('qezryg', 2, 'User', 'user', '2026-01-24 17:30:11', '2026-01-24 17:30:11'),
	('qsbcyt9', 1, 'Admin', 'admin', '2026-01-24 19:15:10', '2026-01-24 19:15:10'),
	('rpojea', 2, 'User', 'user', '2026-01-25 05:12:08', '2026-01-25 05:12:08'),
	('sz8vxt', 9, 'kittisak1', 'user', '2026-01-24 18:42:48', '2026-01-24 18:42:48'),
	('tpawup', 2, 'User', 'user', '2026-01-24 16:31:02', '2026-01-24 16:31:02'),
	('ucp98', 2, 'User', 'user', '2026-01-24 16:48:53', '2026-01-24 16:48:53'),
	('umxx6r', 1, 'Admin', 'admin', '2026-01-24 18:45:59', '2026-01-24 18:45:59'),
	('usx8t', 902, 'kitti', 'user', '2026-01-25 07:52:06', '2026-01-25 07:52:06'),
	('vm3lvl', 2, 'User', 'user', '2026-01-24 16:52:06', '2026-01-24 16:52:06'),
	('w5tld', 2, 'User', 'user', '2026-01-24 17:38:25', '2026-01-24 17:38:25'),
	('wp8z7', 9, 'kittisak1', 'user', '2026-01-24 18:15:12', '2026-01-24 18:15:12'),
	('x0yi8', 1, 'Admin', 'admin', '2026-01-24 16:08:39', '2026-01-24 16:08:39'),
	('xxe76', 1, 'Admin', 'admin', '2026-01-24 19:21:11', '2026-01-24 19:21:11'),
	('y9gvar', 2, 'User', 'user', '2026-01-24 17:41:44', '2026-01-24 17:41:44'),
	('z2w3ph', 1, 'Admin', 'admin', '2026-01-25 08:04:31', '2026-01-25 08:04:31');

/*!40103 SET TIME_ZONE=IFNULL(@OLD_TIME_ZONE, 'system') */;
/*!40101 SET SQL_MODE=IFNULL(@OLD_SQL_MODE, '') */;
/*!40014 SET FOREIGN_KEY_CHECKS=IFNULL(@OLD_FOREIGN_KEY_CHECKS, 1) */;
/*!40101 SET CHARACTER_SET_CLIENT=@OLD_CHARACTER_SET_CLIENT */;
/*!40111 SET SQL_NOTES=IFNULL(@OLD_SQL_NOTES, 1) */;
